Title,Brand,OS,RAM,CPU,Storage,Screen Size,Resolution,CPU Speed,Model,Wireless Technology,SIM Count,Wireless Provider,Cellular Technology,Camera,Color,Price,Price Before Promotion,Currancy,Rate,IMG,Reviews,Website
Nokia C21 DS 2GB/32GB Grey EU,,,,,,,,,,,,,,,,‚Ç¨137.33,,‚Ç¨,2.9 out of 5 stars,https://m.media-amazon.com/images/I/51eCcfhCntL._AC_SL1200_.jpg,"[{'reviewer_name': 'Lorenzo Valera Teston', 'review_rating': 'N/A', 'review_title': 'N/A', 'review_text': 'Muy buenas prestaciones para el precio que tiene y la bater√≠a dura 2 d√≠as con uso\nRead more', 'review_date': 'Reviewed in Spain on 20 July 2024'}, {'reviewer_name': 'sandra', 'review_rating': 'N/A', 'review_title': 'N/A', 'review_text': 'Esta chulo pero dura poco la bateria sin tocarlo.Quito wifi,datos..y sinseta lo paro..solo llamadas que era mi plan por ese precio..Veremos.Solo lo tengo dos dias?y ya me va asi...por 64 euros esta bien..mirare otra bateria.El usb es un poco...Raro fakecillo\nRead more', 'review_date': 'Reviewed in Spain on 19 May 2024'}, {'reviewer_name': 'Lucas Brown', 'review_rating': 'N/A', 'review_title': 'N/A', 'review_text': 'La bater√≠a no dura nada, mucho menos de un d√≠a con pr√°cticamente ning√∫n uso. No quiero poner el ahorro de datos para que dure m√°s, tal como recomiendan en otra rese√±a. Mejor el C21 PLUS que la bater√≠a te dura hasta 3 d√≠as. Lo m√°s positivo que la bater√≠a es extra√≠ble.\nRead more', 'review_date': 'Reviewed in Spain on 28 May 2023'}, {'reviewer_name': 'Cliente Amazon', 'review_rating': 'N/A', 'review_title': 'N/A', 'review_text': 'La relaci√≥n calidad-precio es inmejorable, lo √∫nico que hay que configurar manualmente para que el sistema no agote bater√≠a r√°pidamente. Sin hacer nada, el m√≥vil a penas duraba un d√≠a. En cambio, programando la bater√≠a para tenerla siempre en modo ahorro y restringiendo en segundo plano la app del sistema Android, el m√≥vil funciona igual durante una semana sin cargar.\nRead more', 'review_date': 'Reviewed in Spain on 23 April 2023'}, {'reviewer_name': 'Rub√©n Llatas', 'review_rating': 'N/A', 'review_title': 'N/A', 'review_text': 'Solicite la devoluci√≥n porque la bater√≠a no duraba ni un d√≠a, a√∫n los d√≠as que no utilizo nada el m√≥vil. Pensando que ser√≠a un defecto de fabricaci√≥n. Pero la nueva unidad, que muy amablemente, me enviaron de nuevo es m√°s de lo mismo. Solo espero que se me caiga al suelo y se rompa para tener que comprarme otro.\nRead more', 'review_date': 'Reviewed in Spain on 17 February 2023'}]",Amazon NL
"Nokia G11 6.5"" HD+ Smartphone with Android 11, 90Hz Refresh Rate, 18W Quick Charging Compatible, 3GB RAM/32GB ROM, 5050mAh, 13MP Triple Camera, Dual SIM - Charcoal",Nokia,android,4 GB,,64 GB,6.5 Inches,,,G11-Charcoal,,,Total Wireless,LTE,,Charcoal,78.,,‚Ç¨,3.6 out of 5 stars,https://m.media-amazon.com/images/I/71CA1PuE32L._AC_SL1500_.jpg,"[{'reviewer_name': 'economizer', 'review_rating': 'N/A', 'review_title': 'N/A', 'review_text': 'Die Wahl auf das Nokia G11 fiel nachdem bei meinen Vorg√§nger Nokia G11 nach gut einem Jahr das WLAN defekt ging und es damit f√ºr mich nicht mehr zu gebrauchen war. Ja richtig gelesen! Ich besorgte mir eines weiteres G11 nachdem das urspr√ºngliche nach kaum einem Jahr schon defekt ging. Folgende Gr√ºnde gibt es daf√ºr:Ich hatte noch die passende Handyh√ºlle und bis auf den Defekt war ich mit dem G11 sehr zufrieden. Somit ging ich das Risiko ein, dass es sich nicht um einen bedauerlichen Einzelfall handelt. Allerdings begrenzt dies hier mein Urteil auf 4 Punkte.Denn das Preis-Leistungsverh√§ltnis halte ich in Bezug auf meine Bed√ºrfnisse f√ºr vergleichsweise g√ºnstig. Und die sind nicht besonders hoch, weil ich neben telefonieren haupts√§chlich f√ºr Nachrichten lesen, WhatsApp inkl. Fotos und Videos etc. nutze. So ist das Display gerade so gro√ü, dass es (f√ºr √Ñltere noch) gut lesbar ist und auch noch gut in die Brusttasche passt (wo ich es stets in einem Handy-Strumpf verpacke, damit es nicht beim B√ºcken rausf√§llt). Das Display ist mit einer Schutzfolie √ºberzogen, die man nat√ºrlich pfleglich behandeln sollte. Hinsichtlich Aufl√∂sung, Farben und Helligkeit stellt es mich voll zufrieden. Telefontechnisch hat es einen klaren Sound und bereitet keine Schwierigkeiten. Auch der eingebaute Lautsprecher leistet gute Arbeit und man hat auch eine Ohrh√∂rer-Klinke zur Verf√ºgung. Dual-Sim ist ebenfalls am Start. Hinsichtlich der Verwendung einer Speicherkarte ist diese auf bestimmte Fabrikate eingeschr√§nkt. Daher kann ich meine nicht verwenden. Allerdings ist die 64 GB Speicherausstattung √ºppig, so dass f√ºr mich keine Erweiterung n√∂tig tut. Die Kamera wiederum ist f√ºr nicht ausschlaggebend, da ich sie wenig verwende, und dann eher f√ºr technische Dinge. Soweit ich es aber beurteilen kann liefert sie mit ihren 3 Linsen ordentliche Ergebnisse auch bei schwachen Lichtverh√§ltnissen.Mit dem Nokia G11 erh√§lt man das aktuelle Android Betriebssystem, welches fl√ºssig l√§uft. L√§stige H√§nger konnte ich nicht beobachten.Insgesamt bin ich rundum zufrieden, die Frage der Zuverl√§ssigkeit hinsichtlich der technischen Lebensdauer bleibt aber offen.\nRead more', 'review_date': 'Reviewed in Germany on 15 April 2023'}, {'reviewer_name': 'Barbara', 'review_rating': 'N/A', 'review_title': 'N/A', 'review_text': ""Sembrava un ottimo acquisto all'inizio. Ma dopo qualche mese di uso non intensivo, noto un peggioramento generale delle prestazioni. Non lo ricomprerei.\nRead more"", 'review_date': 'Reviewed in Italy on 3 April 2023'}, {'reviewer_name': 'Rui Sousa', 'review_rating': 'N/A', 'review_title': 'N/A', 'review_text': 'O telem√≥vel tem uma rela√ß√£o pre√ßo /qualidade excelente\nRead more', 'review_date': 'Reviewed in Spain on 18 October 2022'}, {'reviewer_name': 'Enrique', 'review_rating': 'N/A', 'review_title': 'N/A', 'review_text': 'Autentica basura de smartphone, el modelo no se diferencia en nada de otros modelos de marca china un 30% o 40% mas baratos.Ya desde el principio tra√≠a widgets y funciones bloqueadas por la versi√≥n del fabricante que no se pod√≠an quitar ni personalizar,  a los 2 meses de uso actualizaci√≥n de Android 12 a 13 y a tomar por saco todo, a Hungria a reparar. dentro de 2 meses ni me acordare que tenia un Nokia.\nRead more', 'review_date': 'Reviewed in Spain on 12 May 2023'}, {'reviewer_name': 'Gonzalo Delgado Linares', 'review_rating': 'N/A', 'review_title': 'N/A', 'review_text': 'Se averi√≥ a los dos meses de un uso normal, no carga.\nRead more', 'review_date': 'Reviewed in Spain on 15 December 2023'}]",Amazon NL
"Nokia G11 32GB Ice Dual SIM, 4G, Smartphone",Nokia,Android 11.0,3 GB,,32 GB,6.5 Inches,,,NOKIA G11,,,Unlocked for All Carriers,4G,,,150.,‚Ç¨150.00,‚Ç¨,3.9 out of 5 stars,https://m.media-amazon.com/images/I/71X-hTw4V4L._AC_SL1500_.jpg,"[{'reviewer_name': 'Zeno', 'review_rating': 'N/A', 'review_title': 'N/A', 'review_text': 'The phone is good, battery life is excellent, but the camera is not very good. Relatively low quality for video and photographs in this day and age.\nRead more', 'review_date': 'Reviewed in Germany on 26 November 2023'}, {'reviewer_name': 'Vivien P.', 'review_rating': 'N/A', 'review_title': 'N/A', 'review_text': 'Habe es einem Freund geschenkt, der sehr zufrieden damit ist. Man sollte f√ºr den Preis keine Wunder erwarten!Kamera geht in Ordnung bei gutem Licht, bei wenig Licht ist sie aber nicht mehr gut. Display hat nur eine HD Aufl√∂sung, daf√ºr aber eine 90Hz Bildwiederholrate, was man bei anderen Handys dieser Preisklasse vergeblich sucht! Leistung f√ºr den Preis v√∂llig ausreichend.Der Fingerabdrucksensor funktioniert zuverl√§ssig, aber etwas tr√§ge.Das beste Kaufargument ist hier die sehr gute und stabile Verarbeitung, da gibt es wirklich nichts zu meckern. Da verkauft Samsung auch Plastik f√ºr 200 Euro mehr! Zudem bekommt es lange Updates - auch ein Novum in der Preisgegend.\nRead more', 'review_date': 'Reviewed in Germany on 13 September 2022'}, {'reviewer_name': 'Irshad Ahmed', 'review_rating': 'N/A', 'review_title': 'N/A', 'review_text': 'Very nicely\nRead more', 'review_date': 'Reviewed in Germany on 10 December 2023'}, {'reviewer_name': 'Leo', 'review_rating': 'N/A', 'review_title': 'N/A', 'review_text': 'Artikel wurde wie beschrieben schnell geliefert\nRead more', 'review_date': 'Reviewed in Germany on 4 August 2023'}, {'reviewer_name': 'Raimund Lippauer', 'review_rating': 'N/A', 'review_title': 'N/A', 'review_text': 'Viel versprochen und nichts gehalten.\nRead more', 'review_date': 'Reviewed in Germany on 6 September 2022'}]",Amazon NL
"Nokia G11 3/32GB, Android, charcoal",Nokia,Android 11.0,3 GB,,32 GB,6.5 Inches,,,NOKIA G11,,,Unlocked for All Carriers,4G,,Charcoal,‚Ç¨109.90,,‚Ç¨,4.1 out of 5 stars,https://m.media-amazon.com/images/I/71CA1PuE32L._AC_SL1500_.jpg,"[{'reviewer_name': 'TomTom', 'review_rating': 'N/A', 'review_title': 'N/A', 'review_text': 'alles gut\nRead more', 'review_date': 'Reviewed in Germany on 3 September 2024'}, {'reviewer_name': 'Juan Carlos Mato Couto', 'review_rating': 'N/A', 'review_title': 'N/A', 'review_text': 'Se lo compr√© a mi mujer porque adora la marca, y no quer√≠a nada demasiado complicado y caro, y lo cierto es que ha sido un acierto.Potencia suficiente, bater√≠a de larga duraci√≥n, c√°mara suficiente, y almacenamiento m√°s que suficiente. Un aparato m√°s que digno por este precio.\nRead more', 'review_date': 'Reviewed in Spain on 3 December 2023'}, {'reviewer_name': ""Client d'Amazon"", 'review_rating': 'N/A', 'review_title': 'N/A', 'review_text': ""ATTENTIONLes t√©l√©phones ne sont pas neuf.Mat√©riel d√©j√† ouvert et utilis√©.Pr√©sence d'un double scotch.Il n'est pourtant pas indiqu√© OCCASION.Cela n'est pas tr√®s s√©rieux.\nRead more"", 'review_date': 'Reviewed in France on 6 November 2023'}, {'reviewer_name': 'ingus', 'review_rating': 'N/A', 'review_title': 'N/A', 'review_text': 'A VERY GOOD PHONE FOR SUCH A PRICE, FOR EXAMPLE IN MY COUNTRY THE SAME PHONE MODEL COSTS 214.00 EUROS.\nRead more', 'review_date': 'Reviewed in Germany on 4 July 2024'}, {'reviewer_name': 'marcos amoedo', 'review_rating': 'N/A', 'review_title': 'N/A', 'review_text': 'Dentro decsu gama estoy muy contento con el y ya me comprevotro nokia mayor gama para mi esposa pues funcionan muy bien\nRead more', 'review_date': 'Reviewed in Spain on 18 October 2023'}]",Amazon NL
"Nokia G21 - Smartphone 64GB, 4GB RAM, Dual Sim, Blue",Nokia,Android 11.0,4 GB,,4 GB,6.5 Inches,720 x 1600,1.6 GHz,Nokia G21,,,Unlocked for All Carriers,,,Blue,113.,,‚Ç¨,4.2 out of 5 stars,https://m.media-amazon.com/images/I/71TC613UqSL._AC_SL1500_.jpg,"[{'reviewer_name': 'Little lizzi', 'review_rating': 'N/A', 'review_title': 'N/A', 'review_text': 'Estoy muy contenta con este tel√©fono. Muy sencillo a utilizar. Perfecto que quieres una foto buena, la camera est√° guay.\nRead more', 'review_date': 'Reviewed in Spain on 5 October 2023'}, {'reviewer_name': 'Paul Dominik', 'review_rating': 'N/A', 'review_title': 'N/A', 'review_text': 'Nokia G21--- Smartphone mit geringen Strahlungswerten ----Schnellfazit: Super Preis ---> LeistungIch habe das Smartphone im Mai des Jahres 2023 gekauft.SAR-Werte (Strahlungsintensit√§t):Am Ohr 0,339 W/kgAm K√∂rper 1,048W/kgDies war mir sehr wichtig: Ein recht preis""WERTES"" Smartphone zu findenmit entsprechenden Updateservice, Funktionalit√§t und m√∂glichst niedrigenSAR - Werten zu finden. Hier hat das Smartphone also eher geringe Strahlungswertein vergleich zur Konkurenz!Andere TOP-Hersteller (zumindest preislich:-) k√∂nnten sich hier bei NOKIA etwas abschauen...Hier gibt es im Netz gute Vergleichsseiten, wer n√§hre Infomationen sucht.Android - System:Das System wurde von Nokia direkt beim Aktivieren auf Android 13 aktualisiert.Die Nokia - Updatestrategie ist hier lobenswert. Hersteller wie Sam... bieten dies auch...allerdings sind hier die SAR - Werte z.T. nur bei teureren Modellen gegeben.Nokia hier also TOP(Tip: Wichtig war f√ºr mich die Gestensteuerung abzuschalten.)Display:Das Display ist scharf und sehr gut ablesbar. Die Farben sind gut. Diese sind aber nichtso extrem knallig, wie bei anderen Anbieter wie Sam...Das Display reagiert hervorragend und schnell.Sch√∂n ist, dass gleich vom Hersteller ein auswechselbarer Panzerglasschutz montiert wurde.F√ºr den Preis also TOPTonqualit√§t, Lautsprecher, Gesp√§chsqualit√§t:Nichts zu meckern, klar wenn Ihr euch ein Smartphone f√ºr 500 EUR + kauft ist derTon sicher etwas besser... aber wichtig:Keine Abst√ºrze bei Gespr√§chen. Benutze auch gerne die Freisprechfunktion, klapptproblemlos.Verbindungsprobleme, Gespr√§chsabst√ºrze etc.? Nein, echt nicht, kann ich nicht best√§tigen!(M√∂glicherweise, wenn man schlechte Netzabdeckung hat...liegt aber nicht am Telefonsondern am Netzanbieter...)Fotokamera / Video:Farben sind nicht so √ºbertrieben und knallig, wie bei anderen Produzenten, also nat√ºrlicher undrealer. Ansonsten f√ºr den Preis gut und tauglich.Musikplayer:Hier muss man sich einen aus den Playstore ausw√§hlen. Einen eigen Playerhat Nokia leider nicht entwickelt. Find ich schade...aber es gibt wirklichsehr viele und gute sowie kostenfreie im Playstore von Google.Foto und Galerie:Hier wird das Android-System ""Fotos"" verwendet. Mit entsprechendenEinstellungen werden die Bilder nicht in den Google Account hochgeladen undbleiben auf dem Mobiltelefon. Alternativ kann man sich ein Galeriemanageraus den Playstore installieren. Schade das Nokia keinen eigen hat, ist aberGeschmackssache.Akku:Ich nutze das Telefon ca. 0,75 - 2 Std. am Tag (E-Mail...Servern...Telegramm/Whats up...telefonieren).Der Akku h√§lt somit bei mir ca. 10 Tage ohne Nachladung, was ich als sehr angenehm empfinde.Wenn man nur 10 - 30 Minuten am Tag mit dem Ger√§t arbeitet kann man nich l√§ngere Nachladezeitenerreichen.Ein Netzteil von Nokia ist dabei (10Watt Ladung).Man kann sich auch ein Netzteil mit bis zu 18 Watt besorgen (max. Ladeleistung von Nokia).F√ºr mich reichen die 10 Watt aber absolut. Man muss allgemein bedenken, je mehr Ladeleistung desto w√§rmer wird der Akku beim Laden und desto schneller ist der dann irgendwann defekt.Die Ladebuchse ist USB-C, was wunderbar ist, da man egal wie rum man den Stecker verbindetdieser immer, ohne zu drehen, passt.Entsprerren mit Fingerabdrucksensor / Gesichtserkennung:Funktioniert tadelos, Gesichtserkennung benutze ich (lieber) nicht.Nokia und die MATRIX:Es ist sch√∂n wieder ein Nokia zu haben, die √ú40 Generation kennt die Marke gut, genausowie der ein oder andere noch NEO aus MATRIX kennt, der mit einem Nokiahandy... naja, nichtabschweifen. Jetzt Hightec mit Nostaglie im Herzen.Mein letztes Nokia hatte ich vor den Verkauf an Micorsoft, gut 10 Jahre her.Nun hat Nokia die Namensrechte wieder zur√ºckgekauft und produziert wieder eigene Telefone.Klar, leider lassen fast alle Handyanbieterin Chi.. produzieren, ob nun App... oder Sam... so ebenauch Nokia. Die Zentrale ist aber weiterhin in Finnland. Wer mehr Infos bracht...gerne googeln.Schnelligkeit / Internet / Games:Spiele zocken? Kann ich nicht sagen, benutze ich nicht daf√ºr. Aber alles andere l√§uft problemlos.Youtube... Internet... What up... Telegram... Banking... alles ohne ruckeln, kein einfrieren.Aber zum zocken hmm... m√∂glicherweise nur f√ºr Spiele mit weniger bist mittlern Leistungsbedarf.Preis - Leistung:1 AFazit:Sehr Empfehlenswert!!!Nachtrag nach 8 monatiger Nutzung:- kein einizger Abstutz des Systems--- Tip Top- regelm√§√üge kostenfreie Sicherheitspatches des Andoidsystems werden durchgef√ºhrt- keine Problme mit Akku, keine merkbare Abschw√§chung zu erkennen- w√ºrd ich wieder kaufen!Alles Gute f√ºr Dich und sch√∂nen Gru√ü aus der MATRIX ;-)\nRead more', 'review_date': 'Reviewed in Germany on 17 May 2023'}, {'reviewer_name': 'Francesc', 'review_rating': 'N/A', 'review_title': 'N/A', 'review_text': 'De momento me gusta Todi, funciona bien y anteriormente siempre ten√≠a la marca Nokia. Nokia ha retornado\nRead more', 'review_date': 'Reviewed in Spain on 29 May 2022'}, {'reviewer_name': 'Christoph', 'review_rating': 'N/A', 'review_title': 'N/A', 'review_text': 'Wir haben uns insgesamt 4 St√ºck davon bestellt.Die vier Telefone werden haupts√§chlich f√ºr ein Boniersystem benutzt.Somit kann nur eine Eingeschr√§nkte Bewertung abgegeben werden.Akku: Akku h√§lt sehr lange. Hatten bisher keine Probleme mit einer zu kurzen AkkulaufzeitDisplay: War ein Grund f√ºr die Kaufentscheidung. Durch die 6,5 Zoll die optimale Gr√∂√üe.Betriebssystem: Als Betriebssystem kommt ihr nat√ºrlich Android zum Einsatz. L√§uft sehr Stabil.F√ºr unsere Anwendung muss es nicht die neueste Version sein. Doch in unserem Fall stellt sich hier die Frage warum zwei der Telefone Android 13 bekommen haben und bei zwei davon welche auf Android 11 laufen gibt es kein Update.Aber sonst sehr Stabile Telefone mit einer sehr guten Preis/Leistung\nRead more', 'review_date': 'Reviewed in Germany on 21 July 2024'}, {'reviewer_name': 'Kathrin Eichner', 'review_rating': 'N/A', 'review_title': 'N/A', 'review_text': 'Alles super\nRead more', 'review_date': 'Reviewed in Germany on 8 August 2024'}]",Amazon NL
Nok X30 256-8-5G-Bu Nokia X30 5G 256/8GB Blue,Nokia,android,8 GB,Snapdragon,8 GB,6.43 Inches,1920 x 1080,,X30,,,Unlocked for All Carriers,5G,,Blue,10.,,‚Ç¨,4.5 out of 5 stars,https://m.media-amazon.com/images/I/71xDATKingL._AC_SL1500_.jpg,"[{'reviewer_name': 'paolino', 'review_rating': 'N/A', 'review_title': 'N/A', 'review_text': 'per adesso sono soddisfatto\nRead more', 'review_date': 'Reviewed in Italy on 18 July 2024'}, {'reviewer_name': 'Markus K.', 'review_rating': 'N/A', 'review_title': 'N/A', 'review_text': 'Sch√∂nes Handy das ich hier zu einem unschlagbaren Preis gefunden habe. Leistung, Ausstattung und Funktion sind genau das was ich gesucht habe. Das Handy sieht auch noch gut aus, was will man mehr.\nRead more', 'review_date': 'Reviewed in Germany on 3 May 2024'}, {'reviewer_name': 'Client', 'review_rating': 'N/A', 'review_title': 'N/A', 'review_text': 'Fid√®le a Nokia, suis pas dessus pratique belle finition. Tr√®s bon vendeur Envoi rapide et soign√©.\nRead more', 'review_date': 'Reviewed in France on 13 March 2024'}, {'reviewer_name': 'ES', 'review_rating': 'N/A', 'review_title': 'N/A', 'review_text': ""It arrived in good condition. It set itself up well. Everything appears to function as it should. It's reasonably robust (already dropped it on the floor a couple of times, and no obvious damage). Nothing negative to say about it after a month of use. It was a reasonable price, and it's reassuring to have three years' guarantee.\nRead more"", 'review_date': 'Reviewed in the United Kingdom on 26 February 2024'}, {'reviewer_name': 'Emanuele Peveri', 'review_rating': 'N/A', 'review_title': 'N/A', 'review_text': ""Preso con qualche dubbio questo X-30 ricondizionato da Amazon, sono estremamente soddisfatto dopo molti mesi d'uso.Praticamente nuovo, visto che mancava solo la pellicola protettiva dello schermo.Consigliato.\nRead more"", 'review_date': 'Reviewed in Italy on 7 February 2024'}]",Amazon NL
Nokia X305G DS 6/128 Blue,Nokia,Android 12.0,6 GB,,128 GB,6.43 Inches,,,Nokia X30 5G,,,Unlocked for All Carriers,"5G, 4G LTE",,Blue,215.,,‚Ç¨,4.4 out of 5 stars,https://m.media-amazon.com/images/I/61LN+S4E7tL._AC_SL1500_.jpg,"[{'reviewer_name': 'Yessica r.', 'review_rating': 'N/A', 'review_title': 'N/A', 'review_text': 'Como siempre Nokia no defrauda , muy r√°pido y robusto , he tenido varios Nokia y ninguno me ha dado el m√≠nimo problema , despu√©s de pasar alguna que otra marca china ....  La diferencia es bastante notable\nRead more', 'review_date': 'Reviewed in Spain on 9 August 2024'}, {'reviewer_name': 'J.K.', 'review_rating': 'N/A', 'review_title': 'N/A', 'review_text': 'Das Handy wurde mit vollst√§ndig entladenen Akku geliefert. Es ist ein Verbindungskabel dabei, das zur √úbertragung der Daten von altem auf neues Ger√§t genutzt werden kann. Die Einrichtungsschritte sind gut beschrieben und mit Bildern unterst√ºtzt. Die Installation hat bei uns gut funktioniert. Das System-Update hat dabei am l√§ngsten gedauert. Die Bluetooth Verbindung mit dem Headset funktioniert einwandfrei, die Sprachqualit√§t ist gut. F√ºr diesen Preis ca. 50% unter UVP absolutes Schn√§ppchen f√ºr ein solides Ger√§t.\nRead more', 'review_date': 'Reviewed in Germany on 31 July 2024'}, {'reviewer_name': 'Eddy', 'review_rating': 'N/A', 'review_title': 'N/A', 'review_text': 'Bij bestelling van een smartphone Nokia X30 wordt een gratis toestel Nokia 2660 Flip aangeboden dat er bij levering helemaal niet bij zit en bij melding hiervan krijg je dan ook helemaal geen reactie van de firma van herkomst,dit is dus zuiver omkoperij en bedrog.\nRead more', 'review_date': 'Reviewed in Belgium on 8 July 2024'}, {'reviewer_name': 'Elena', 'review_rating': 'N/A', 'review_title': 'N/A', 'review_text': 'Il secondo telefono come da descrizione non √® arrivato‚Ä¶‚Ä¶.\nRead more', 'review_date': 'Reviewed in Italy on 25 June 2024'}, {'reviewer_name': 'berthier', 'review_rating': 'N/A', 'review_title': 'N/A', 'review_text': ""Envoi rapide super tel fonctionne tr√®s bien fait de belles photos de ma part la batterie dure deux journ√©es apr√®s suivent son utilisation. J'ai u un seul petit souci, il n'a pas voulu se mettre sur la wifi alors qu'il avait trouv√©, cela a √©t√© plus long pour mettre la mise √† jour. Et une fois installer tous √† fonctionner, belle couleur sur l'√©cran, j'ai toujours u des Nokia, je n'ai jamais u de souci, j'esp√®re que pour celui-l√†, il en sera de m√™me\nRead more"", 'review_date': 'Reviewed in France on 13 June 2024'}]",Amazon NL
"Nokia XR20 - 6.67‚Ä≥ Full HD+ screen, 48MP dual camera with ZEISS optics, 15W wireless and 18W fast charging, RAM 4GB /ROM 64GB for use with wet hands and gloves - Granite",Nokia,android,4 GB,Snapdragon,64 GB,6.67 Inches,1080 x 2400,2 GHz,Nokia XR20,,,,,13MP,,159.,,‚Ç¨,4.3 out of 5 stars,https://m.media-amazon.com/images/I/71hyR+oCe9L._AC_SL1500_.jpg,"[{'reviewer_name': 'PEDRO LUIS ARROYO FERNANDEZ', 'review_rating': 'N/A', 'review_title': 'N/A', 'review_text': 'Este modelo resiste realmente una ca√≠da moderada e incluso ambientes desfavorables con polvo y agua sin da√±os, pero la pantalla no soporta ralladuras como modelos anteriores y es imprescindible una funda de protecci√≥n para el cristal. La pantalla es muy grande y la imagen la abarca entera, aunque se puede modificar para ver el tama√±o original de cada video sin p√©rdidas a ambos lados. El procesador no es de alta gama, pero permite el manejo de aplicaciones con soltura. El audio ""stereo"" es bueno tanto en escucha sin auriculares como con ellos. La c√°mara es de tipo medio y permite buenas fotograf√≠as sin llegar a la calidad de otros modelos. Permite insertar una micro-SD y salvaguardar todo dato. Las capturas de pantalla son complejas y es mejor programar el bot√≥n superior. La bater√≠a tarda 2 horas en cargar, pero dura 2 d√≠as enteros con uso moderado e incluso 3 con la opci√≥n de ahorro de bater√≠a y uso discreto. La recepci√≥n y la conectividad son buenas. En suma, un ""smartphone"" de peso (248 g), muy resistente, actualizado, de buena calidad y gama media.\nRead more', 'review_date': 'Reviewed in Spain on 5 July 2023'}, {'reviewer_name': 'Bastian', 'review_rating': 'N/A', 'review_title': 'N/A', 'review_text': 'Ich bin einer der Nokia Veteranen. Habe Nokia vom 3210 bis zum letzten Symbian Smartphone (808 Pureview) die Treue gehalten. Dann gabs nur noch Lumia mit dem ich nix anfangen konnte. Seit es dann Nokia Smartphones mit Android gab, war ich wieder dabei. Das XR20 ist mein drittes Nokia mit Android und das beste, das ich je hatte.Ja, es ist gro√ü und schwer. Das war aber vorher schon klar. Dennoch musste ich mich dran gew√∂hnen.Das ist aber auch schon der einzige Kritikpunkt. Das Design ist f√ºr mich genau richtig. Ich habe nie verstanden warum Handys immer super filigran gemacht werden, damit anschlie√üend eine klobige Silikonh√ºlle drumrum kommt, mit der man das Handydesign dann gar nicht mehr sieht.Das Ger√§t wirkt wertig und super langlebig. Die jahrelangen Software Updates passen dazu. Auch wenn oft behauptet wird, Nokia w√ºrde da extrem schlampen: ich habe bislang immer Updates bekommen. Betriebssystem Upgrades auf die n√§chsth√∂here Version haben immer gedauert, ja, aber zumindest Sicherheitspatches kamen regelm√§√üig. Das XR20 hat sich mittlerweile auch auf Android 12 geupgradet.Die Kamera ist f√ºr mich gut genug, aber ich bin auch gen√ºgsam. Der Fingerabdrucksensor funktioniert hervorragend, das Display ist hell genug und der Akku h√§lt zwei Tage. Dank der drahtlosen Aufladefunktion muss ich es nahezu gar nicht mehr manuell aufladen da es immer wieder im Auto aufgeladen wird.Schnell genug ist der Prozessor auch, habe nie st√∂rendes Ruckeln vernommen.H√§tte also, mal abgesehen von der Gr√∂√üe, keine Kritikpunkte.\nRead more', 'review_date': 'Reviewed in Germany on 14 August 2022'}, {'reviewer_name': 'Cliente Kindle', 'review_rating': 'N/A', 'review_title': 'N/A', 'review_text': 'Non sono solito fare recensioni, ma spero cos√¨ di aiutare chi √® indeciso.Io faccio un uso costante del telefono. mi sposto in treno per lavoro e gestisco molti aspetti della mi attivit√† da Cell.Volevo per√≤ un telefono rugged, per le mie attivit√† outdoor.Se avete queste necessit√†, √® il prodotto che fa per voi.Non fatevi infinocchiare dalle tante recensioni italiane che fanno sembrare questo telefono un cassone lento...leggete quelle straniere.A meno che non dobbiate giocarci per il 90% del tempo o farci montaggi video in 4k, il telefono √® veloce e reattivo.Costa di pi√π, a parit√† di specifiche, per le sue caratteristiche costruttive.Non si pu√≤ assolutamente paragonare coi tanti rugged cinesi, di qualunque marca.Ne ho avuti diversi e se, dal punto di vista hardware, vanno bene, ti lasciano a piedi dopo un anno con un SO che inizia a rallentare ad avere bug o glitch.Se volete un rugged, questo √®, secondo me il miglior prodotto consumer attualmente sul mercato.\nRead more', 'review_date': 'Reviewed in Italy on 5 April 2022'}, {'reviewer_name': 'Massimo', 'review_rating': 'N/A', 'review_title': 'N/A', 'review_text': ""Tra qualche settimana lascer√≤ una recensione,dovr√≤ usarlo un po'\nRead more"", 'review_date': 'Reviewed in Italy on 7 April 2024'}, {'reviewer_name': 'Giobell', 'review_rating': 'N/A', 'review_title': 'N/A', 'review_text': ""Dopo averne cambiati 4 nel corso di un anno e in procinto di restituire il quinto posso dire con certezza che si tratta del peggiore smartphone che io abbia mai posseduto. √à lento, la batteria √® scarsa e da problemi con l'aggiornamento del sistema operativo. Acquisto sconsigliatissimo.\nRead more"", 'review_date': 'Reviewed in Italy on 11 December 2023'}]",Amazon NL
"Nokia XR20 - 6.67‚Ä≥ Full HD+ display, 48MP dual camera with ZEISS optics, 15W wireless and 18W fast charging, RAM 4GB/ROM 64GB, for use with wet hands and gloves - Ultra Blue",Nokia,android,4 GB,Snapdragon,64 GB,6.67 Inches,1080 x 2400,2 GHz,Nokia XR20,,,,,13MP,Blue,184.,,‚Ç¨,3.9 out of 5 stars,https://m.media-amazon.com/images/I/71GsZ4vICML._AC_SL1500_.jpg,"[{'reviewer_name': 'C. michel', 'review_rating': 'N/A', 'review_title': 'N/A', 'review_text': 'excellent produit.\nRead more', 'review_date': 'Reviewed in France on 14 December 2022'}, {'reviewer_name': 'Smiles', 'review_rating': 'N/A', 'review_title': 'N/A', 'review_text': 'Nachdem mein Sohn innerhalb weniger Monate 2 Smartphones zerst√∂rt hatte habe ich mich  nach einem robusten Smartphone umgesehen, dass auch halbwegs brauchbareHardware hat. Durch ein Video auf Youtube wurde ich auf das Nokia aufmerksam.Mein Sohn ist Handwerker und hat das Handy immer am Mann. Handyh√ºllen mag er nicht, und so leiden die Telefone.Er besitzt das Smartphone nun ca 9 Monate und es ist noch voll funktionsf√§hig. Vor kurzem ist im das Telefon aus 3m H√∂he auf eine Steintreppe gefallen. Mich h√§tte es fast aus den Socken gehauen. Aber das Smartphone hat den Sturz mit einer kleinen Delle neben dem Schalter am Rand √ºberlebt, siehe Bild. Das Display hat bisher nur wenige kleine Kratzer.Ob das Smartphone nur 3 oder 5 Jahre Updates hat war bisher kein Thema, da sie in der Regel nur kurz halten.  Das Nokia kommt mit 5 Jahren Updates, was schon eine Ausnahme darstellt.F√ºr Leute, die keine H√ºllen m√∂gen ist das Smartphone ein must have. Die Oberfl√§che ist sehr griffig und von Haus aus rutschfester verglichen mit dem Gro√üteil der Aftermarket Handyh√ºllen.Die R√§nder sind so gestaltet, dass hier das Display auch maximal gesch√ºtzt ist.Ein Dutzend St√ºrze konnten ihm bisher nichts anhaben.Somit lautet mein Fazit: Wer aufgrund seiner Nutzung etwas robustes ben√∂tigt sollte hier zugreifen.\nRead more', 'review_date': 'Reviewed in Germany on 3 October 2023'}, {'reviewer_name': 'Hayato Premier', 'review_rating': 'N/A', 'review_title': 'N/A', 'review_text': ""üü†Le produit est int√©ressant carte SD prise mini jack le probl√®me c'est le logiciel, les interlocuteurs m'ont signal√© plusieurs fois des probl√®mes qui sont li√©s √† des pertes de communication c'est-√†-dire qu'ils ne m'entendaient plus, mais sans que le t√©l√©phone soit lui-m√™me d√©connect√©.ü§îPour le prix payer c'est un peu cher comme bug sinon les mises √† jour sont faites assez rapidement 2 semaines environ pour Android 12 et une semaine pour Android 13 ensuite.\nRead more"", 'review_date': 'Reviewed in France on 8 February 2023'}, {'reviewer_name': 'Roberta R.', 'review_rating': 'N/A', 'review_title': 'N/A', 'review_text': ""Ho preso questo Nokia XR20 perch√© garantisce gli aggiornamenti di sicurezza di Android per ben 4 anni. Inoltre ha una garanzia di 3 anni e una garanzia di un anno per la sostituzione gratuita dello schermo. √à molto veloce e fluido nessun impuntamento. Paragonato ad altri smartphone con caratteristiche hardware pi√π elevate non trovo alcuna differenza, anzi lo ritengo lo smartphone pi√π equilibrato in termini di prestazioni che abbia mai avuto. La fotocamera √® ottima, ha due casse stereo veramente forti e possiede anche un sensore di riduzione del rumore del vento quando si registrano i video. √à resistente all'acqua e alle cadute. Insomma un prodotto che fa della qualit√† costruttiva e del software aggiornato un buon motivo per acquistarlo.Veramente consigliato.\nRead more"", 'review_date': 'Reviewed in Italy on 1 February 2022'}, {'reviewer_name': 'G√ºnter Schmitt', 'review_rating': 'N/A', 'review_title': 'N/A', 'review_text': 'Sehr gute Kamera mit Zeiss Objektiv, HDR schaltet sich bei Gegenlicht automatisch ein und erm√∂glicht gute Gegenlichtaufnahmen. Gro√ües, hochaufl√∂sendes Display. F√ºr die kleine Schrift Bracht man gutes Sehverm√∂gen. F√ºr die Dichtigkeit sind keine l√§stigen St√∂psel an den Anschl√ºssen erforderlich.\nRead more', 'review_date': 'Reviewed in Germany on 30 May 2023'}]",Amazon NL
