Title,Brand,OS,RAM,CPU,Storage,Screen Size,Resolution,CPU Speed,Refresh Rate,Model,Wireless Technology,SIM Count,Wireless Provider,Cellular Technology,Camera,Color,Price,Price Before Promotion,Currancy,Rate,URL,IMG,Reviews,Website
OPPO A18 Dual SIM 4GB RAM+64GB ROM (6.56 Inches) (4G LTE) - (Glowing Blue),OPPO,Android 13.0,4 GB,Snapdragon,64 GB,6.56 Inches,720 x 1612,,90 Hz,A18,,,Unlocked for All Carriers,,,Blue,"3,999.",,EGP,4.0 out of 5 stars,https://www.amazon.eg/-/en/OPPO-Dual-64GB-6-56-Inches/dp/B0CJSRBBTH/ref=sr_1_12?dib=eyJ2IjoiMSJ9.4XvmNPjJXr2AsWihyksz1_GKqhy-fMv8GwHkOwSF-xwEL_HZ5xUIRifSRfukfNxfKH3wxB4IfBWIhwj8DyTTISC7bHZtucrqTjG5BQYy9fckcjWF8rRXGUuE9UtoHUv3OLZMdzLgMMOQUsyQUpF3TRTEL3kVKJuLWYR6zy6D02zZHPbM7gX3XWYstYJBN4UhKGfqxWd5NikeH61rzmxNTWx3gia03pGoUxtjY0hkFEugQPFz18SOeDILTCigWrE0RSxfStqZWIljR808xZcIccaMePTvVA3bQu5wYEkgSmw.h8u3LTvnUotpEb4oysiGTVWU4eBr8OHdMKUq3hv2-hU&dib_tag=se&qid=1725742191&refinements=p_89%3AOPPO&s=electronics&sr=1-12&language=en_AE,https://m.media-amazon.com/images/I/81r7k-IoclL._AC_SL1500_.jpg,[],Amazon EG
OPPO Reno 6 Dual Sim 8gb Ram 128gb 4G Lte Phone (Black),OPPO,android,8 GB,Snapdragon,128 GB,6.4 Inches,1080 x 2400,1.8 GHz,70 Hz,Oppo Reno 6,,,,,,Black,"EGP13,499.00",,EGP,4.2 out of 5 stars,https://www.amazon.eg/-/en/OPPO-Reno-128gb-Phone-Black/dp/B09FPXWFLT/ref=sr_1_21?dib=eyJ2IjoiMSJ9.4XvmNPjJXr2AsWihyksz1_GKqhy-fMv8GwHkOwSF-xwEL_HZ5xUIRifSRfukfNxfKH3wxB4IfBWIhwj8DyTTISC7bHZtucrqTjG5BQYy9fckcjWF8rRXGUuE9UtoHUv3OLZMdzLgMMOQUsyQUpF3TRTEL3kVKJuLWYR6zy6D02zZHPbM7gX3XWYstYJBN4UhKGfqxWd5NikeH61rzmxNTWx3gia03pGoUxtjY0hkFEugQPFz18SOeDILTCigWrE0RSxfStqZWIljR808xZcIccaMePTvVA3bQu5wYEkgSmw.h8u3LTvnUotpEb4oysiGTVWU4eBr8OHdMKUq3hv2-hU&dib_tag=se&qid=1725742191&refinements=p_89%3AOPPO&s=electronics&sr=1-21&language=en_AE,https://m.media-amazon.com/images/I/61bt1qv5jZL._AC_SL1500_.jpg,"[{'reviewer_name': 'ahmed elshishtawy', 'review_rating': '5.0 out of 5 stars', 'review_title': '5.0 out of 5 stars\nØ§Ù„Ù…ÙˆØ¨Ø§ÙŠÙ„ Ø¬ÙŠØ¯ Ø¬Ø¯Ø§', 'review_text': 'Ø§Ù„Ø´Ø§Ø´Ø© Ùˆ Ø§Ù„ÙƒØ§Ù…ÙŠØ±Ø§ ÙˆØ§Ø¯Ø§Ø¡ Ø§Ù„Ø¬Ù‡Ø§Ø² Ø¬Ù…ÙŠÙ„ Ø¬Ø¯Ø§\nRead more', 'review_date': 'Reviewed in Egypt on 7 June 2022'}, {'reviewer_name': 'user-ML1Y9Y', 'review_rating': '5.0 out of 5 stars', 'review_title': '5.0 out of 5 stars\nÙ…Ù…ØªØ§Ø²', 'review_text': 'Ù…Ù…ØªØ§Ø²\nRead more', 'review_date': 'Reviewed in Egypt on 9 August 2022'}, {'reviewer_name': 'Ø­Ø§Ù…Ø¯ Ù…Ø­Ù…ÙˆØ¯', 'review_rating': '5.0 out of 5 stars', 'review_title': '5.0 out of 5 stars\nÙ…Ù…ØªØ§Ø²', 'review_text': 'Ù…Ù…ØªØ§Ø²  ÙˆØ§  Ù…Ù†Ø¯ÙˆØ¨ÙŠÙ† Ø²ÙˆÙ‚ Ø¬Ø¯Ø§ Ø¬Ø¯Ø§\nRead more', 'review_date': 'Reviewed in Egypt on 20 April 2022'}, {'reviewer_name': 'Ø¹ÙØ§Ù Ø¹.', 'review_rating': '1.0 out of 5 stars', 'review_title': '1.0 out of 5 stars\nØ§Ù„Ø´Ø§Ø´Ø© Ø¨Ø§Ø¸Øª Ø¨Ø¹Ø¯ Ø¥Ø³ØªØ¹Ù…Ø§Ù„ 18 Ø´Ù‡Ø±', 'review_text': 'Ø§Ù„Ø´Ø§Ø´Ø© Ø¨Ø§Ø¸Øª Ø¨Ø¹Ø¯ Ø¥Ø³ØªØ¹Ù…Ø§Ù„ 18 Ø´Ù‡Ø±\nRead more', 'review_date': 'Reviewed in Egypt on 22 August 2023'}, {'reviewer_name': 'Essam Amer', 'review_rating': '3.0 out of 5 stars', 'review_title': '3.0 out of 5 stars\nÙ„Ù… ÙŠÙ„Ø¨ÙŠ ØªÙˆÙ‚Ø¹Ø§ØªÙŠ', 'review_text': 'Ø¨Ø¹Ø¯ Ø§Ø³ØªØ¹Ù…Ø§Ù„ 6 Ø§Ø´Ù‡Ø±ÙƒÙ†Øª Ù…Ø³ØªØ®Ø¯Ù… Ù„Ù‡Ø§ØªÙ Ø§ÙˆØ¨Ùˆ. F11 ÙˆØ¨ØµØ±Ø§Ø­Ù‡ Ø±ØºÙ… Ø§Ù†Ù‡ Ø§Ù‚Ù„ Ø§Ù…ÙƒØ§Ù†ÙŠØ§Øª ÙˆÙ„Ø§ÙƒÙ†Ù‡ Ø§Ø³Ø±Ø¹ Ø¨Ø¹Ø´Ø±Ø§Øª Ø§Ù„Ù…Ø±Ø§Øª Ù…Ù†Ù‡Ø§Ù„Ù‡Ø§ØªÙ Ù…Ù„ÙŠ Ø¨Ø¹ÙŠÙˆØ¨ Ø¨Ø·ÙŠ ÙÙŠ Ø§Ù„Ø§Ø³ØªØ¬Ø§Ø¨Ù‡ ÙˆØ§Ø®Ø·Ø§Ø¦Ù‡ ÙƒØ«ÙŠØ±Ù‡\nRead more', 'review_date': 'Reviewed in Egypt on 6 August 2022'}, {'reviewer_name': 'user-MHXSCC', 'review_rating': '5.0 out of 5 stars', 'review_title': '5.0 out of 5 stars\nØ§ØµÙ„Ù‰ ÙˆØ§Ø­Ø³Ù† Ø³Ø¹Ø±', 'review_text': 'Ø§ÙØ¶Ù„ Ø³Ø¹Ø±ØŒ ÙˆØ§Ù„Ù…ÙˆØ¨Ø§ÙŠÙ„ ØªÙ…Ø§Ù… ÙˆØ§ØµÙ„Ù‰ ÙˆÙƒÙ„Ù‡ ØªÙ…Ø§Ù…ÙƒÙ†Øª Ø¬Ø¨ØªÙ‡ Ø¨ Ù¥Ù¦Ù Ù  Ù‚Ø¨Ù„ Ù…Ø§ Ø§Ù„Ø§Ø³Ø¹Ø§Ø± ØªØ²ÙŠØ¯\nRead more', 'review_date': 'Reviewed in Egypt on 11 December 2021'}, {'reviewer_name': 'Asma m.', 'review_rating': '2.0 out of 5 stars', 'review_title': '2.0 out of 5 stars\nØ¹Ø§Ø¯ÙŠ', 'review_text': 'Ø¹Ø§Ø¯ÙŠ\nRead more', 'review_date': 'Reviewed in Egypt on 14 July 2023'}, {'reviewer_name': 'user-M5WUCY', 'review_rating': '5.0 out of 5 stars', 'review_title': '5.0 out of 5 stars\nØ´ÙƒØ±Ø§Ù‹ Ø§Ù…Ø§Ø²ÙˆÙ†', 'review_text': 'Ù…ÙˆØ¨ÙŠÙ„ Ø¬Ù…ÙŠÙ„ ÙˆØ´ÙƒØ±Ø§Ù‹ Ø£Ù…Ø§Ø²ÙˆÙ† Ù„Ø³Ø±Ø¹Ù‡ Ø§Ù„ØªÙˆØµÙŠÙ„\nRead more', 'review_date': 'Reviewed in Egypt on 7 April 2022'}]",Amazon EG
Oppo Reno11 5G 12-256 Wave Green,OPPO,Android 11.0,12 GB,Snapdragon,256 GB,6.55 Inches,,,,Reno 11,,,,5G,,Green,"EGP16,490.00",,EGP,1.0 out of 5 stars,https://www.amazon.eg/-/en/Oppo-Reno11-12-256-Wave-Green/dp/B0D1YGKPCD/ref=sr_1_10?dib=eyJ2IjoiMSJ9.4XvmNPjJXr2AsWihyksz1_GKqhy-fMv8GwHkOwSF-xwEL_HZ5xUIRifSRfukfNxfKH3wxB4IfBWIhwj8DyTTISC7bHZtucrqTjG5BQYy9fckcjWF8rRXGUuE9UtoHUv3OLZMdzLgMMOQUsyQUpF3TRTEL3kVKJuLWYR6zy6D02zZHPbM7gX3XWYstYJBN4UhKGfqxWd5NikeH61rzmxNTWx3gia03pGoUxtjY0hkFEugQPFz18SOeDILTCigWrE0RSxfStqZWIljR808xZcIccaMePTvVA3bQu5wYEkgSmw.h8u3LTvnUotpEb4oysiGTVWU4eBr8OHdMKUq3hv2-hU&dib_tag=se&qid=1725742191&refinements=p_89%3AOPPO&s=electronics&sr=1-10&language=en_AE,https://m.media-amazon.com/images/I/61D1fQ4EA3L._AC_SL1440_.jpg,"[{'reviewer_name': 'Mohammed Ali Abdelnabi Attia', 'review_rating': '1.0 out of 5 stars', 'review_title': '1.0 out of 5 stars\nØ§Ù„Ù…Ù†ØªØ¬ Ù…Ø³ØªØ¹Ù…Ù„ ÙˆÙ„ÙŠØ³ Ø¬Ø¯ÙŠØ¯ ÙˆØ§Ù„Ø¨Ø§Ø¦Ø¹ ØºÙŠØ± Ø§Ù…ÙŠÙ†', 'review_text': 'Ø§Ù„Ù…Ù†ØªØ¬ Ù…Ø³ØªØ¹Ù…Ù„ ÙˆÙ„ÙŠØ³ Ø¬Ø¯ÙŠØ¯ ÙˆÙ…Ø³ØªØ®Ø¯Ù… Ù…Ù† Ù‚Ø¨Ù„\nRead more', 'review_date': 'Reviewed in Egypt on 7 July 2024'}, {'reviewer_name': 'Ø¹Ù…Ø±Ùˆ', 'review_rating': '1.0 out of 5 stars', 'review_title': '1.0 out of 5 stars\nÙ‡Ù„ Ø§Ù„Ù…Ù†ØªØ¬ Ù†ÙØ³ Ø§Ù„ØµÙˆØ±Ù‡ØŸØŸ', 'review_text': 'Ù‡Ù„ Ø§Ù„Ù…Ù†ØªØ¬ Ù†ÙØ³ Ø§Ù„ØµÙˆØ±Ø© ØŸ\nRead more', 'review_date': 'Reviewed in Egypt on 7 June 2024'}]",Amazon EG
"Oppo Reno 12F 4G, 8GB Ram Snapdragon 685, 256GB Storage, 5000mAh & Dual SIM Slot - Olive Green",,,,,,,,,,,,,,,,Green,"EGP10,599.00",,EGP,1.0 out of 5 stars,https://www.amazon.eg/-/en/Oppo-Snapdragon-256GB-Storage-5000mAh/dp/B0DCW6H9QX/ref=sr_1_15?dib=eyJ2IjoiMSJ9.4XvmNPjJXr2AsWihyksz1_GKqhy-fMv8GwHkOwSF-xwEL_HZ5xUIRifSRfukfNxfKH3wxB4IfBWIhwj8DyTTISC7bHZtucrqTjG5BQYy9fckcjWF8rRXGUuE9UtoHUv3OLZMdzLgMMOQUsyQUpF3TRTEL3kVKJuLWYR6zy6D02zZHPbM7gX3XWYstYJBN4UhKGfqxWd5NikeH61rzmxNTWx3gia03pGoUxtjY0hkFEugQPFz18SOeDILTCigWrE0RSxfStqZWIljR808xZcIccaMePTvVA3bQu5wYEkgSmw.h8u3LTvnUotpEb4oysiGTVWU4eBr8OHdMKUq3hv2-hU&dib_tag=se&qid=1725742191&refinements=p_89%3AOPPO&s=electronics&sr=1-15&language=en_AE,https://m.media-amazon.com/images/I/51+PGGwPBmL._AC_SY300_SX300_.jpg,"[{'reviewer_name': 'Ahmed Gamal', 'review_rating': '1.0 out of 5 stars', 'review_title': '1.0 out of 5 stars\nØ§Ù„ØµÙˆØ±Ø© ØºÙŠØ± Ø§Ù„Ù…Ù†ØªØ¬', 'review_text': 'Ù„Ø§ Ø§Ù†ØµØ­ Ø¨Ø§Ù„Ø´Ø±Ø§Ø¡ Ø§Ù„ØµÙˆØ±Ø© Ù„Ø§ ØªØ®Øµ Ø§Ù„Ù…Ù†ØªØ¬ Ø§Ù„Ù…ÙˆØµÙˆÙ\nRead more', 'review_date': 'Reviewed in Egypt on 26 August 2024'}]",Amazon EG
Oppo A79 5G Dual-SIM 256GB ROM + 8GB RAM (Only GSM | No CDMA) Factory Unlocked 5G Smartphone (Mystery Black) - International Version,OPPO,Android 13.0,8 GB,,8 GB,6.4 Inches,,2.2 GHz,,,,,1&1,"2G, 4G, 5G",,Black,"EGP9,990.00",,EGP,3.5 out of 5 stars,https://www.amazon.eg/-/en/Dual-SIM-Factory-Unlocked-Smartphone-Mystery/dp/B0CND399RG/ref=sr_1_14?dib=eyJ2IjoiMSJ9.4XvmNPjJXr2AsWihyksz1_GKqhy-fMv8GwHkOwSF-xwEL_HZ5xUIRifSRfukfNxfKH3wxB4IfBWIhwj8DyTTISC7bHZtucrqTjG5BQYy9fckcjWF8rRXGUuE9UtoHUv3OLZMdzLgMMOQUsyQUpF3TRTEL3kVKJuLWYR6zy6D02zZHPbM7gX3XWYstYJBN4UhKGfqxWd5NikeH61rzmxNTWx3gia03pGoUxtjY0hkFEugQPFz18SOeDILTCigWrE0RSxfStqZWIljR808xZcIccaMePTvVA3bQu5wYEkgSmw.h8u3LTvnUotpEb4oysiGTVWU4eBr8OHdMKUq3hv2-hU&dib_tag=se&qid=1725742191&refinements=p_89%3AOPPO&s=electronics&sr=1-14&language=en_AE,https://m.media-amazon.com/images/I/71Fbf9Obn1L._AC_SL1500_.jpg,[],Amazon EG
"OPPO Reno 5A 5G Single Nano Sim +esim A1030P, NFC, 6.5â€ FHD Display 90Hz,Waterproof and dustproof,64+8+2+2 MP Quad Camera &16MP Front Camera, 6GB RAM,128GB 4000Mah Battery,Fingerprint, ice blue",OPPO,Android 11.0,6 GB,Snapdragon,128 GB,,1080 x 2340,1.8 GHz,120 Hz,Oppo Reno,,,Unlocked for All Carriers,,,Ice Blue,"3,999.",,EGP,5.0 out of 5 stars,https://www.amazon.eg/-/en/OPPO-Display-Waterproof-dustproof-Fingerprint/dp/B0C99R4S1F/ref=sr_1_19?dib=eyJ2IjoiMSJ9.4XvmNPjJXr2AsWihyksz1_GKqhy-fMv8GwHkOwSF-xwEL_HZ5xUIRifSRfukfNxfKH3wxB4IfBWIhwj8DyTTISC7bHZtucrqTjG5BQYy9fckcjWF8rRXGUuE9UtoHUv3OLZMdzLgMMOQUsyQUpF3TRTEL3kVKJuLWYR6zy6D02zZHPbM7gX3XWYstYJBN4UhKGfqxWd5NikeH61rzmxNTWx3gia03pGoUxtjY0hkFEugQPFz18SOeDILTCigWrE0RSxfStqZWIljR808xZcIccaMePTvVA3bQu5wYEkgSmw.h8u3LTvnUotpEb4oysiGTVWU4eBr8OHdMKUq3hv2-hU&dib_tag=se&qid=1725742191&refinements=p_89%3AOPPO&s=electronics&sr=1-19&language=en_AE,https://m.media-amazon.com/images/I/51OwigwPAwL._AC_SL1000_.jpg,"[{'reviewer_name': 'Ù…ÙŠØ¯Ùˆ', 'review_rating': '5.0 out of 5 stars', 'review_title': '5.0 out of 5 stars\nÙ…ÙˆØ¨Ø§ÙŠÙ„ 10/10', 'review_text': 'Ù…ÙˆØ¨Ø§ÙŠÙ„ 10/10 ÙŠØ³ØªØ§Ù‡Ù„ Ø³Ø¹Ø±Ù‡Ù‡Ùˆ Ø´Ø±ÙŠØ­Ø© ÙˆØ§Ø­Ø¯Ø© Ù†Ø§Ù†ÙˆÙˆ Ø§Ù„Ø¬ÙŠÙ„ Ø§Ù„Ø®Ø§Ù…Ø³5GÙˆØ´Ø±ÙŠØ­Ø© ØªØ§Ù†ÙŠØ© ÙˆØ§Ø­Ø¯Ø© Ø§Ù„ÙƒØªØ±ÙˆÙ†ÙŠØ©  ÙŠØ¹Ù†Ù‰ Ù…Ù† ØºÙŠØ± Ù…Ø§ØªØ­Ø· Ø´Ø±ÙŠØ­Ø© ÙŠÙ„Ù‚Ø· Ø´Ø¨ÙƒØ© Ø¨Ø±Ù‚Ù…Ùƒ Ø¨Ø³  Ù…ØµØ± Ù…Ø¨ØªØ¯Ø¹Ù…Ø´ Ø¯Ù‡ Ø¯Ù„ÙˆÙ‚ØªÙ‰ÙŠØ¹Ù†Ù‰ ÙŠØ¹ØªØ¨Ø± 2 Ø´Ø±ÙŠØ­Ø©Ø§Ù„Ù†Ø³Ø®Ø© ÙŠØ§Ø¨Ø§Ù†ÙŠØ©  Ø¨Ø³ Ù…Ù…ÙƒÙ† ØªØºÙŠØ± ÙˆØ¬Ù‡ØªÙ‡Ø§ Ù„Ø¬Ù…ÙŠØ¹ Ø§Ù„Ù„ØºØ§ØªØ¨Ù…Ø§ Ø§Ù† Ø§Ù„Ø¬Ù‡Ø§Ø² Ø§ØµÙ„Ø§ Ù…ØµÙ†Ø¹ Ù„Ù„ÙŠØ§Ø¨Ø§Ù† ÙÙ…Ø¹Ù…ÙˆÙ„ Ø¨Ø§Ø§Ø¹Ù„Ù‰ Ø¬ÙˆØ¯Ø©ÙˆØ¨ØµØ±Ø§Ø¬Ø© Ù…Ù…ØªØ§Ø² Ø¬Ø¯Ø§ÙƒØ§Ù…ÙŠØ±Ø§ ÙˆØ´Ø§Ø´Ø© ÙˆØ³Ø±Ø¹Ø© ÙˆØ§Ø¯Ø§Ø¡ ÙˆØ¨Ø·Ø§Ø±ÙŠØ©ØªØ·Ø¨ÙŠÙ‚ Ø§Ù„Ø±Ø³Ø§ÙŠÙ„ Ù‡ØªØ­ØªØ§Ø¬ ØªÙ†Ø²Ù„Ù‡ Ù…Ù† Ø¬ÙˆØ¬Ù„ Ø¹Ø§Ø¯Ù‰ Ø§Ùˆ ØªØ±Ùˆ ÙƒÙˆÙ„ÙˆØ±Ø§Ù„Ù…ÙˆØ¨Ø§ÙŠÙ„ ÙˆØ§Ù„Ù„Ù‡ Ù…ÙÙ‡ÙˆØ´ ØºÙ„Ø·Ø© ÙˆØ¹Ø¬Ø¨Ù†Ù‰ Ø¬Ø¯Ø§ Ø¨Ù‚Ø§Ù„Ù‡ Ù…Ø¹Ø§ÙŠØ§ 6 Ø´Ù‡ÙˆØ±\nRead more', 'review_date': 'Reviewed in Egypt on 20 March 2024'}, {'reviewer_name': 'Hassan', 'review_rating': '5.0 out of 5 stars', 'review_title': '5.0 out of 5 stars\nÙ…Ù…ØªØ§Ø² ÙˆØ¹Ù…Ù„Ù‰ ÙˆÙŠØ¯Ø¹Ù… Ø§Ù„Ø´Ø±ÙŠØ­Ø© Ø§Ù„Ø§ÙƒØªØ±ÙˆÙ†ÙŠØ© Ùˆ 5g', 'review_text': 'Ù…Ù…ØªØ§Ø² Ø¬Ø¯Ø§ ÙˆØ¨Ø·Ø§Ø±ÙŠØ© Ø¬Ø¨Ø§Ø±Ø© ÙˆØ®Ø§Ù…Ø© ÙˆÙƒØ§ÙŠÙ…Ø±Ø§Øª ÙÙˆÙ‚ Ø§Ù„Ù„Ù…ØªØ§Ø²Ø©Ø²ÙˆÙ… 20xØ®Ø§ØµØ© Ø§Ù†Ù‰ Ø¨Ø­Ø¨ Ø§Ù„ØªØµÙˆÙŠØ± Ø¬Ø¯Ø§Ù…Ù† Ø§ÙƒØªØ± Ø§Ù„Ù…ÙˆØ¨ÙŠÙ„Ø§Øª Ø§Ù„Ù„Ù‰ Ø¹Ø¬Ø¨ØªÙ†Ù‰ Ø¨Ø¹Ø¯ ØªØ¬Ø±Ø¨Ø© Ù…ÙˆØ¨ÙŠÙ„Ø§Øª ÙƒØªÙŠØ± Ù„Ù…Ø§ ØªØ´ØªØ±ÙŠÙ‡ Ù‡Ø§ØªÙ„Ù‡ Ø´Ø§Ø­Ù†  18 ÙˆØ§Øª  Ø§Ùˆ Ø§ÙƒØªØ± Ø§Ù„Ø´Ø­Ù† Ø§ÙØ¶Ù„Ù…Ø¬Ø±Ø¨ØªÙˆØ´ Ø¶Ø¯ Ø§Ù„Ù…ÙŠØ§Ù‡ Ø®ÙØª Ø¨ØµØ±Ø§Ø­Ø©ØªÙ… Ø§Ù„Ø´Ø±Ø§Ø¡ Ø¨ 11500 Ù…Ù† 4 Ø´Ù‡ÙˆØ±\nRead more', 'review_date': 'Reviewed in Egypt on 15 October 2023'}, {'reviewer_name': 'Amazon Customer', 'review_rating': '5.0 out of 5 stars', 'review_title': '5.0 out of 5 stars\nÙ…Ù…ØªØ§Ø² Ø´Ø§Ø±ÙŠÙ‡ Ù…Ù† 4 Ø´Ù‡ÙˆØ±', 'review_text': 'Ù…Ù…ØªØ§Ø² ÙˆÙƒØ§ÙŠÙ…Ø±Ø§Øª ÙˆÙƒÙ„ Ø­Ø§Ø¬Ø© Ù…Ù…ØªØ§Ø²Ø©  ÙÙ‰ Ø§Ù„Ù…ÙˆØ¨Ø§ÙŠÙ„ Ø¯Ù‡ÙˆÙŠØ³ØªØ§Ù‡Ù„ ÙƒÙ„ Ø¬ÙŠÙ†Ù‡ ÙÙŠÙ‡Ø¶Ø¯ Ø§Ù„Ù…ÙŠØ§Ù‡ Ø¨Ø³ Ù…Ø¬Ø±Ø¨ØªØ´ Ø¯Ù‡ Ø®ÙˆÙØª Ø¹Ù„Ù‰ Ø§Ù„Ù…ÙˆØ¨Ø§ÙŠÙ„ÙˆØ§Ù„Ø´Ø§Ø´Ø© Ø¨ØªØ§Ø¹ØªÙ‡ Ø¬Ù…ÙŠÙ„Ø© ÙˆØ§Ù„ØªØ§ØªØ´ Ø³Ø±ÙŠØ¹ Ø¬Ø¯Ø§ÙˆØ§Ù„ÙƒØ§ÙŠÙ…Ø±Ø§Øª Ø²ÙˆÙ… 20XÙˆØ³Ø±ÙŠØ¹ ÙÙ‰ Ø§Ù„Ø§Ø¯Ø§Ø¡ Ù„Ø§Ù†Ù‡ Ø§Ù„Ù…Ø¹Ø§Ù„Ø¬ Ø¨ØªØ§Ø¹Ù‡ Ù‚ÙˆÙ‰ ÙˆÙ„Ø§ ØªÙ‡Ù†ÙŠØ¬ ÙˆÙ„Ø§ Ø­Ø§Ø¬Ø©ÙŠØ®ØªÙ„Ù Ø¹Ù† Ø§Ù‰ Ù…ÙˆØ¨Ø§ÙŠÙ„ Ø±ÙŠÙ†Ùˆ Ù†Ø²Ù„ Ù…ØµØ±  Ù„Ø§Ù†Ù‡ Ø§ÙØ¶Ù„Ø§Ù„Ù†Ø³Ø®Ø© Ø¯Ù‡ ÙƒØ§Ù†Øª Ù†Ø§Ø²Ù„Ø© ÙÙ‰ Ø§Ù„ÙŠØ§Ø¨Ø§Ù† ÙŠØ¹Ù†Ù‰ Ø§Ø¹Ù„Ù‰ Ø¬ÙˆØ¯Ø©Ù…Ø¨Ø±ÙˆÙƒ Ù„Ù„Ù‰ Ø§Ø´ØªØ±Ø§Ù‡\nRead more', 'review_date': 'Reviewed in Egypt on 4 July 2023'}]",Amazon EG
Oppo A58 Dual SIM 6GB RAM + 128GB ROM (4G) (Black),OPPO,Android 13.0,6 GB,Snapdragon,128 GB,6.72 Inches,2160 x 1080,,60 Hz,A58,,,Unlocked for All Carriers,,,Black,"EGP7,650.00","EGP8,449.00",EGP,4.0 out of 5 stars,https://www.amazon.eg/-/en/Oppo-A58-Dual-128GB-Black/dp/B0CDBP5HFB/ref=sr_1_11?dib=eyJ2IjoiMSJ9.4XvmNPjJXr2AsWihyksz1_GKqhy-fMv8GwHkOwSF-xwEL_HZ5xUIRifSRfukfNxfKH3wxB4IfBWIhwj8DyTTISC7bHZtucrqTjG5BQYy9fckcjWF8rRXGUuE9UtoHUv3OLZMdzLgMMOQUsyQUpF3TRTEL3kVKJuLWYR6zy6D02zZHPbM7gX3XWYstYJBN4UhKGfqxWd5NikeH61rzmxNTWx3gia03pGoUxtjY0hkFEugQPFz18SOeDILTCigWrE0RSxfStqZWIljR808xZcIccaMePTvVA3bQu5wYEkgSmw.h8u3LTvnUotpEb4oysiGTVWU4eBr8OHdMKUq3hv2-hU&dib_tag=se&qid=1725742191&refinements=p_89%3AOPPO&s=electronics&sr=1-11&language=en_AE,https://m.media-amazon.com/images/I/81gpCfWufkL._AC_SL1500_.jpg,"[{'reviewer_name': 'Ashraf omar', 'review_rating': '5.0 out of 5 stars', 'review_title': '5.0 out of 5 stars\nØ§Ù„ÙƒØ´Ù Ø¹Ù† Ø§Ù„Ù…Ù†ØªØ¬ Ù…Ù† Ø§Ù„Ø¯Ø§Ø®Ù„', 'review_text': 'Ø§Ù„ÙˆØµÙˆÙ„ Ø§Ù„Ø³Ø±ÙŠØ¹ /Ø§Ù„ØªØºÙ„ÙŠÙ Ø§Ù„Ù…Ø¨Ø§Ù„Øº ÙØ¦Ø© Ù„Ù„Ù…Ù†ØªØ¬ ÙˆØ¹Ø¯Ù… Ù…Ø¹Ø±ÙØ© Ù…Ø§ Ø¨Ø¯Ø§Ø®Ù„Ø© Ø£Ø«Ù†Ø§Ø¡ Ø§Ù„Ø§Ø³ØªØ®Ø¯Ø§Ù…\nRead more', 'review_date': 'Reviewed in Egypt on 14 August 2024'}, {'reviewer_name': 'Ù†ÙˆØ± Ù…Ø­Ù…Ø¯', 'review_rating': '1.0 out of 5 stars', 'review_title': '1.0 out of 5 stars\nØ²ÙŠ Ø§Ù„Ø²ÙØª', 'review_text': 'Ù…Ù†ØªØ¬ Ù…Ø´ Ø­Ù„Ùˆ\nRead more', 'review_date': 'Reviewed in Egypt on 6 May 2024'}, {'reviewer_name': 'Gamal', 'review_rating': '5.0 out of 5 stars', 'review_title': '5.0 out of 5 stars\nÙ…Ù…ØªØ§Ø²', 'review_text': 'Ø¨Ø³ Ø®Ù„ÙŠ Ø¨Ø§Ù„Ùƒ Ø¶Ù…Ø§Ù† Ø¯ÙˆÙ„ÙŠ\nRead more', 'review_date': 'Reviewed in Egypt on 29 January 2024'}]",Amazon EG
OPPO Reno 6 5G Dual SIM Stellar Black 8GB RAM 128GB,OPPO,Android 11.0,8 GB,Snapdragon,128 GB,6.4 Inches,1080 x 2400,2 GHz,90 Hz,Reno 6,,,,,,Black,"8,199.",,EGP,3.4 out of 5 stars,https://www.amazon.eg/-/en/OPPO-Reno-Stellar-Black-128GB/dp/B09FQ7DRQB/ref=sr_1_18?dib=eyJ2IjoiMSJ9.4XvmNPjJXr2AsWihyksz1_GKqhy-fMv8GwHkOwSF-xwEL_HZ5xUIRifSRfukfNxfKH3wxB4IfBWIhwj8DyTTISC7bHZtucrqTjG5BQYy9fckcjWF8rRXGUuE9UtoHUv3OLZMdzLgMMOQUsyQUpF3TRTEL3kVKJuLWYR6zy6D02zZHPbM7gX3XWYstYJBN4UhKGfqxWd5NikeH61rzmxNTWx3gia03pGoUxtjY0hkFEugQPFz18SOeDILTCigWrE0RSxfStqZWIljR808xZcIccaMePTvVA3bQu5wYEkgSmw.h8u3LTvnUotpEb4oysiGTVWU4eBr8OHdMKUq3hv2-hU&dib_tag=se&qid=1725742191&refinements=p_89%3AOPPO&s=electronics&sr=1-18&language=en_AE,https://m.media-amazon.com/images/I/51jGptxULlL._AC_SL1500_.jpg,"[{'reviewer_name': 'Ahmed Mohamed', 'review_rating': '5.0 out of 5 stars', 'review_title': '5.0 out of 5 stars\nGreat product', 'review_text': 'Tge device is amazing and delivered so quickly, I really like it\nRead more', 'review_date': 'Reviewed in Egypt on 21 June 2022'}, {'reviewer_name': 'karim mohamed', 'review_rating': '1.0 out of 5 stars', 'review_title': '1.0 out of 5 stars\nØ§Ù„Ø¬Ù‡Ø§Ø² Ù…Ø³ØªØ®Ø¯Ù… Ùˆ Ø§Ù„Ø¹Ù„Ø¨Ù‡ Ù…ÙØªÙˆØ­Ù‡ Ùˆ Ø¨Ø¯ÙˆÙ† Ø¶Ù…Ø§Ù† Ùˆ Ù„Ù…Ø§ Ø¯Ø®Ù„Øª Ø§Ù„Ø³ÙŠØ±ÙŠØ§Ù„ Ø¹Ù„ÙŠ Ù…ÙˆÙ‚Ø¹ Ø§ÙˆØ¨Ùˆ Ø§Ù„Ø¬Ù‡Ø§Ø² Ù…Ø³ØªØ®Ø¯Ù… Ù…Ù† Ø´Ù‡Ø± 8', 'review_text': 'Ø§Ù„Ø¬Ù‡Ø§Ø² Ù…Ø³ØªØ®Ø¯Ù… Ùˆ Ø§Ù„Ø¹Ù„Ø¨Ù‡ Ù…ÙØªÙˆØ­Ù‡ Ùˆ Ø¨Ø¯ÙˆÙ† Ø¶Ù…Ø§Ù† Ùˆ Ù„Ù…Ø§ Ø¯Ø®Ù„Øª Ø§Ù„Ø³ÙŠØ±ÙŠØ§Ù„ Ø¹Ù„ÙŠ Ù…ÙˆÙ‚Ø¹ Ø§ÙˆØ¨Ùˆ Ø§Ù„Ø¬Ù‡Ø§Ø² Ù…Ø³ØªØ®Ø¯Ù… Ù…Ù† Ø´Ù‡Ø± 8\nRead more', 'review_date': 'Reviewed in Egypt on 28 October 2022'}, {'reviewer_name': 'SHERIF SAMIR IBRAHIM', 'review_rating': '4.0 out of 5 stars', 'review_title': '4.0 out of 5 stars\nÙ…ÙˆØ¨ÙŠÙ„ Ù…Ù…ØªØ§Ø² ÙˆØ¨Ø§Ø¦Ø¹ Ù…Ø­ØªØ±Ù… Ø´ÙƒØ±Ø§ ğŸŒ¹Ø§Ù„Ø¬Ù…Ø±Ùƒ', 'review_text': 'Ø¨Ø§Ø¦Ø¹ Ù…Ø­ØªØ±Ù… Ø§Ù„Ø¬Ù…Ø±Ùƒ\nRead more', 'review_date': 'Reviewed in Egypt on 24 March 2023'}, {'reviewer_name': 'Haitham Elabed Abd Elhady', 'review_rating': '3.0 out of 5 stars', 'review_title': '3.0 out of 5 stars\nOppo', 'review_text': 'Ù‡Ùˆ ØªÙ„ÙŠÙÙˆÙ† Ø­Ù„ÙˆØ¨Ø³ Ù‡Ùˆ Ù‡Ùˆ Ù†ÙØ³ Ø§Ø¨Ùˆ a92\nRead more', 'review_date': 'Reviewed in Egypt on 28 April 2023'}, {'reviewer_name': 'Mostafa', 'review_rating': '5.0 out of 5 stars', 'review_title': '5.0 out of 5 stars\nÙ…Ù…ØªØ§Ø²', 'review_text': 'Ø´ÙƒØ±Ø§ Ø§Ù…Ø§Ø²ÙˆÙ† ÙˆØµÙ„Ù†ÙŠ Ø§Ù„Ù…Ù†ØªØ¬ Ø¨Ø­Ø§Ù„Ù‡ Ù…Ù…ØªØ§Ø²Ù‡ Ùˆ Ø³Ø¹Ø±Ù‡ Ù…Ù…ÙŠØ²\nRead more', 'review_date': 'Reviewed in Egypt on 29 May 2022'}, {'reviewer_name': 'Ù…Ø­Ù…ÙˆØ¯', 'review_rating': '1.0 out of 5 stars', 'review_title': '1.0 out of 5 stars\nØ§Ù†ÙŠ Ù…Ø´ Ø§ÙˆÙ„ Ø­Ø¯ ÙŠØ³ØªØ®Ø¯Ù…Ù‡ Ù…ÙØªÙˆØ­ Ù‚Ø¨Ù„ Ù‚Ø¯Ù‡ Ø¹Ù„ÙŠÙ‡ Ø§ØªÙ†ÙŠÙ†', 'review_text': 'Ù…Ù†ØªØ¬ Ø²ÙŠ Ø§Ù„Ø²ÙØª Ù…ÙØªÙˆØ­ Ù‚Ø¨Ù„ Ù‚Ø¯Ù‡ Ø¹Ù„ÙŠÙ‡ Ø§ØªÙ†ÙŠÙ† Ù„Ø²Ø§Ù‚Ø§ Ø¹Ù„Ù‰ Ø§Ù„Ø¹Ù„Ø¨Ù‡\nRead more', 'review_date': 'Reviewed in Egypt on 23 October 2022'}, {'reviewer_name': 'Mido', 'review_rating': '5.0 out of 5 stars', 'review_title': '5.0 out of 5 stars\nØ¬ÙŠØ¯', 'review_text': 'Ø³Ø±Ø¹Øª Ø§Ù„ØªÙˆØµÙ„\nRead more', 'review_date': 'Reviewed in Egypt on 19 August 2022'}, {'reviewer_name': 'Ø§Ù„Ø¨Ø­Ø±Ø§ÙˆÙ‰ Ø£Ø¨ÙˆØ¢Ø¯Ù…', 'review_rating': '4.0 out of 5 stars', 'review_title': '4.0 out of 5 stars\nØ¬Ù‡Ø§Ø² Ø¬Ù…ÙŠÙ„', 'review_text': 'Ø¬Ù‡Ø§Ø² Ù…ØªÙƒØ§Ù…Ù„ Ø¨ÙƒÙ„ Ø­Ø§Ø¬ØªÙ‡\nRead more', 'review_date': 'Reviewed in Egypt on 4 November 2022'}]",Amazon EG
OPPO Reno 12F 5G (256GB - 12GB) - Amber Orange,OPPO,,,,12 GB,,,,,,,Dual SIM,,,,Orange,"EGP12,760.00","EGP13,349.00",EGP,2.4 out of 5 stars,https://www.amazon.eg/-/en/OPPO-Reno-12F-5G-256GB/dp/B0D9KRFFV1/ref=sr_1_4?dib=eyJ2IjoiMSJ9.4XvmNPjJXr2AsWihyksz1_GKqhy-fMv8GwHkOwSF-xwEL_HZ5xUIRifSRfukfNxfKH3wxB4IfBWIhwj8DyTTISC7bHZtucrqTjG5BQYy9fckcjWF8rRXGUuE9UtoHUv3OLZMdzLgMMOQUsyQUpF3TRTEL3kVKJuLWYR6zy6D02zZHPbM7gX3XWYstYJBN4UhKGfqxWd5NikeH61rzmxNTWx3gia03pGoUxtjY0hkFEugQPFz18SOeDILTCigWrE0RSxfStqZWIljR808xZcIccaMePTvVA3bQu5wYEkgSmw.h8u3LTvnUotpEb4oysiGTVWU4eBr8OHdMKUq3hv2-hU&dib_tag=se&qid=1725742191&refinements=p_89%3AOPPO&s=electronics&sr=1-4&language=en_AE,https://m.media-amazon.com/images/I/518W2EY7-7L._AC_SL1000_.jpg,"[{'reviewer_name': 'user-MHWXUG1', 'review_rating': '1.0 out of 5 stars', 'review_title': '1.0 out of 5 stars\nØ§Ø­Ø°Ø± Ù…Ù†Ù‡', 'review_text': 'Ø¨Ø§Ø¦Ø¹ ØºÙŠØ± Ø§Ù…ÙŠÙ† ØªÙ… Ø§Ø³ØªØ¨Ø¯Ø§Ù„ Ø§Ù„Ù…ÙˆØ¨ÙŠÙ„ Ø¨Ø¹Ù„Ø¨Ø© Ø´Ø§Ù‰ Ø¯Ù‡ Ø§Ù„Ù„Ù‰ Ø­ØµÙ„ Ù…Ø¹Ø§ÙŠØ§ Ù…Ø´ Ø¹Ø§ÙŠØ²ÙŠÙ† ØªÙƒØªØ¨ÙˆÙ‡ Ù„ÙŠÙ‡\nRead more', 'review_date': 'Reviewed in Egypt on 1 September 2024'}, {'reviewer_name': 'Ù‡Ø§ØªÙ ÙÙŠ Ù…Ù†ØªÙ‡ÙŠ Ø§Ù„Ø¬Ù…Ø§Ù„ ÙˆØ§Ù„Ø±ÙˆØ¹Ù‡ ÙˆØ§Ù†ØµØ­ Ø¨Ø´Ø±Ø§Ø¡Ù‡ Ø´ÙƒØ±Ø§ Ø§Ù…Ø§Ø²ÙˆÙ†', 'review_rating': '5.0 out of 5 stars', 'review_title': '5.0 out of 5 stars\nØ¬Ù‡Ø§Ø² Ø±Ø§Ø¦Ø¹ ÙˆØ¬Ù…ÙŠÙ„', 'review_text': 'Ø§Ù„Ø«Ù‚Ù‡ Ø§Ù„ÙƒØ§Ù…Ù„Ù‡ Ø´ÙƒØ±Ø§ Ø§Ù…Ø§Ø²ÙˆÙ†\nRead more', 'review_date': 'Reviewed in Egypt on 1 September 2024'}, {'reviewer_name': 'abdallah ahmed', 'review_rating': '1.0 out of 5 stars', 'review_title': '1.0 out of 5 stars\nÙØ±ÙŠÙ… Ø§Ù„Ù„ÙŠØ¯ Ø­ÙˆÙ„ Ø§Ù„ÙƒØ§Ù…ÙŠØ±Ø§ Ù„Ø§ÙŠØ¹Ù…Ù„ Ù…Ø¹ Ø§Ù„ØªØ·Ø¨ÙŠÙ‚Ø§Øª ÙŠØ¹Ù…Ù„ ÙÙ‚Ø· Ø¹Ù†Ø¯ Ø¶Ø¨Ø·Ù‡ ÙÙŠ Ø§Ù„Ø§Ø¹Ø¯Ø§Ø¯Ø§Øª ÙˆÙ„Ø§ ÙŠØ¹Ù…Ù„ Ø¨Ø¹Ø¯ Ø°Ù„Ùƒ', 'review_text': 'ÙØ±ÙŠÙ… Ø§Ù„Ù„ÙŠØ¯ Ø­ÙˆÙ„ Ø§Ù„ÙƒØ§Ù…ÙŠØ±Ø§ Ø§Ù„Ø¬Ø¯ÙŠØ¯ Ù„Ø§ÙŠØ¹Ù…Ù„ Ù…Ø¹ Ø§Ù„ØªØ·Ø¨ÙŠÙ‚Ø§Øª ÙŠØ¹Ù…Ù„ ÙÙ‚Ø· Ø¹Ù†Ø¯ Ø¶Ø¨Ø·Ù‡ ÙÙŠ Ø§Ù„Ø§Ø¹Ø¯Ø§Ø¯Ø§Øª ÙˆÙ„Ø§ ÙŠØ¹Ù…Ù„ Ø¨Ø¹Ø¯ Ø°Ù„Ùƒ\nRead more', 'review_date': 'Reviewed in Egypt on 1 August 2024'}, {'reviewer_name': 'Ù‚Ø·Ø¹Ù‡ ÙˆØ§Ø­Ø¯Ù‡ Ø¨Ø³', 'review_rating': '1.0 out of 5 stars', 'review_title': '1.0 out of 5 stars\nÙ…Ø¹Ø±ÙÙ‡ Ø§Ù„Ø¶Ù…Ø§Ù†', 'review_text': 'Ø¨Ø¶Ù…Ø§Ù† ÙˆÙ„Ø§ Ø¯ÙˆÙ„ÙŠ\nRead more', 'review_date': 'Reviewed in Egypt on 4 August 2024'}, {'reviewer_name': 'Ø¹Ù…Ø±Ùˆ ÙØªØ­ Ø§Ù„Ù„Ù‡', 'review_rating': '5.0 out of 5 stars', 'review_title': '5.0 out of 5 stars\nØ§ÙØ¶Ù„ Ø³Ø¹Ø± Ù…Ù‚Ø§Ø¨Ù„ Ø¬ÙˆØ¯Ù‡', 'review_text': 'ÙŠØ³ØªØ­Ù‚ Ø§Ù„Ø´Ø±Ø§Ø¡\nRead more', 'review_date': 'Reviewed in Egypt on 26 July 2024'}]",Amazon EG
"Oppo Reno 12F 4G, 8GB Ram Snapdragon 685, 256GB Storage, 5000mAh & Dual SIM Slot - Matte Grey",,,,,,,,,,,,,,,,,"EGP10,475.00",,EGP,5.0 out of 5 stars,https://www.amazon.eg/-/en/Oppo-Snapdragon-256GB-Storage-5000mAh/dp/B0DCW7R8QC/ref=sr_1_5?dib=eyJ2IjoiMSJ9.4XvmNPjJXr2AsWihyksz1_GKqhy-fMv8GwHkOwSF-xwEL_HZ5xUIRifSRfukfNxfKH3wxB4IfBWIhwj8DyTTISC7bHZtucrqTjG5BQYy9fckcjWF8rRXGUuE9UtoHUv3OLZMdzLgMMOQUsyQUpF3TRTEL3kVKJuLWYR6zy6D02zZHPbM7gX3XWYstYJBN4UhKGfqxWd5NikeH61rzmxNTWx3gia03pGoUxtjY0hkFEugQPFz18SOeDILTCigWrE0RSxfStqZWIljR808xZcIccaMePTvVA3bQu5wYEkgSmw.h8u3LTvnUotpEb4oysiGTVWU4eBr8OHdMKUq3hv2-hU&dib_tag=se&qid=1725742191&refinements=p_89%3AOPPO&s=electronics&sr=1-5&language=en_AE,https://m.media-amazon.com/images/I/417+9I-0j8L._AC_SY300_SX300_.jpg,"[{'reviewer_name': 'Ø´ÙŠÙ…Ø§Ø¡ Ø´Ø¹Ø¨Ø§Ù† Ù…Ø­Ù…Ø¯', 'review_rating': '5.0 out of 5 stars', 'review_title': '5.0 out of 5 stars\nØ¬Ù…ÙŠÙ„', 'review_text': 'Ø§Ù„ØªÙ„ÙŠÙÙˆÙ† Ø¬Ù…ÙŠÙ„ ÙˆØ®ÙÙŠÙ ÙˆÙˆØµÙ„ ÙÙŠ Ù…ÙŠØ¹Ø§Ø¯Ù‡ ÙˆÙ…Ù†Ø§Ø³Ø¨ Ø¬Ø¯Ø§Ø§Ø§Ø§Ø§Ø§Ø§Ø§Ø§Ø§ Ù„ØªÙ…Ù†Ù‡\nRead more', 'review_date': 'Reviewed in Egypt on 22 August 2024'}]",Amazon EG
"Oppo A38 Android Smartphone, Dual SIM Mobile Phone, 6GB RAM, 128GB Storage, Glowing Gold (UAE Version)",OPPO,Android 10.0,6 GB,Snapdragon,128 GB,6.56 Inches,,,,,,,du,4G,,Gold,"EGP6,689.50",,EGP,3.0 out of 5 stars,https://www.amazon.eg/-/en/sspa/click?ie=UTF8&spc=MTozOTQ2Mzk5NjI0MjgxNzc2OjE3MjU3NDIxOTE6c3BfYXRmX2Jyb3dzZTozMDAzMTY3MzI5MTk0MzI6OjA6Og&url=%2FOppo-A38-128GB-Glowing-Gold%2Fdp%2FB0CSFSD2ZS%2Fref%3Dsr_1_1_sspa%3Fdib%3DeyJ2IjoiMSJ9.4XvmNPjJXr2AsWihyksz1_GKqhy-fMv8GwHkOwSF-xwEL_HZ5xUIRifSRfukfNxfKH3wxB4IfBWIhwj8DyTTISC7bHZtucrqTjG5BQYy9fckcjWF8rRXGUuE9UtoHUv3OLZMdzLgMMOQUsyQUpF3TRTEL3kVKJuLWYR6zy6D02zZHPbM7gX3XWYstYJBN4UhKGfqxWd5NikeH61rzmxNTWx3gia03pGoUxtjY0hkFEugQPFz18SOeDILTCigWrE0RSxfStqZWIljR808xZcIccaMePTvVA3bQu5wYEkgSmw.h8u3LTvnUotpEb4oysiGTVWU4eBr8OHdMKUq3hv2-hU%26dib_tag%3Dse%26qid%3D1725742191%26refinements%3Dp_89%253AOPPO%26s%3Delectronics%26sr%3D1-1-spons%26sp_csd%3Dd2lkZ2V0TmFtZT1zcF9hdGZfYnJvd3Nl%26psc%3D1&language=en_AE,https://m.media-amazon.com/images/I/81GUsFaoW8L._AC_SL1500_.jpg,"[{'reviewer_name': 'Ø£Ø¨ÙˆØ§Ù„ÙØªÙˆØ­ Ø§Ù„Ø³ÙŠØ¯', 'review_rating': '1.0 out of 5 stars', 'review_title': '1.0 out of 5 stars\nØ§Ù„Ø¥Ù‡Ù…Ø§Ù„ Ø§Ù„Ù…ØªÙƒØ±Ø±', 'review_text': 'ÙˆØµÙ„Ù†Ù‰ Ù…Ù†ØªØ¬ ØºÙŠØ± Ø§Ù„Ù…Ø·Ù„ÙˆØ¨ Ø¹Ø¨Ù‰ ÙˆØ§Ø¨Ø¹Øª ÙˆØ®Ù„Ø§Øµ\nRead more', 'review_date': 'Reviewed in Egypt on 5 August 2024'}]",Amazon EG
OPPO A55 Dual SIM 4GB RAM+128GB ROM (6.5 Inches) (4G) - (Starry Black) (GLOBAL VERSION),OPPO,Android 11.0,128 GB,Snapdragon,128 GB,6.5 Inches,,2.3 GHz,120 Hz,,,,,4G,,Black,"EGP6,250.00",,EGP,3.4 out of 5 stars,https://www.amazon.eg/-/en/OPPO-A55-Dual-128GB-Inches/dp/B09M44ZY41/ref=sr_1_20?dib=eyJ2IjoiMSJ9.4XvmNPjJXr2AsWihyksz1_GKqhy-fMv8GwHkOwSF-xwEL_HZ5xUIRifSRfukfNxfKH3wxB4IfBWIhwj8DyTTISC7bHZtucrqTjG5BQYy9fckcjWF8rRXGUuE9UtoHUv3OLZMdzLgMMOQUsyQUpF3TRTEL3kVKJuLWYR6zy6D02zZHPbM7gX3XWYstYJBN4UhKGfqxWd5NikeH61rzmxNTWx3gia03pGoUxtjY0hkFEugQPFz18SOeDILTCigWrE0RSxfStqZWIljR808xZcIccaMePTvVA3bQu5wYEkgSmw.h8u3LTvnUotpEb4oysiGTVWU4eBr8OHdMKUq3hv2-hU&dib_tag=se&qid=1725742191&refinements=p_89%3AOPPO&s=electronics&sr=1-20&language=en_AE,https://m.media-amazon.com/images/I/61skzoCNqeL._AC_SL1500_.jpg,"[{'reviewer_name': 'Ahmed Rashad', 'review_rating': '5.0 out of 5 stars', 'review_title': '5.0 out of 5 stars\nÙŠÙ†ØµØ­ Ø¨Ù‡', 'review_text': 'Ø³Ø¹Ø± Ù…Ù†Ø§Ø³Ø¨ Ø¬Ø¯Ø§\nRead more', 'review_date': 'Reviewed in Egypt on 8 November 2022'}, {'reviewer_name': 'Mohamed hisham kamal', 'review_rating': '3.0 out of 5 stars', 'review_title': '3.0 out of 5 stars\nÙ„Ø§ Ø´ÙŠ', 'review_text': 'Ø§Ù„ÙÙ„ÙˆØ³ Ø§ØªØ§Ø®Ø±Øª ÙŠØ§ ÙÙ†Ø¯Ù… ØŸØŸØŸ\nRead more', 'review_date': 'Reviewed in Egypt on 18 April 2022'}, {'reviewer_name': 'Shimaa esam eldin diab', 'review_rating': '1.0 out of 5 stars', 'review_title': '1.0 out of 5 stars\nØ±Ø¯Ø¦', 'review_text': 'Ø±Ø¯Ø¦\nRead more', 'review_date': 'Reviewed in Egypt on 7 June 2024'}, {'reviewer_name': 'user-MCG9UP1', 'review_rating': '5.0 out of 5 stars', 'review_title': '5.0 out of 5 stars\nØ¬ÙŠØ¯ Ø¬Ø¯Ø§ ÙˆØ¹Ù…Ù„ÙŠ', 'review_text': 'Ù…Ù…ØªØ§Ø²\nRead more', 'review_date': 'Reviewed in Egypt on 24 May 2022'}, {'reviewer_name': 'Ù…Ø­Ù…Ø¯ Ù….', 'review_rating': '4.0 out of 5 stars', 'review_title': '4.0 out of 5 stars\nØ¬ÙŠØ¯ Ø¬Ø¯Ø§ ÙˆØ³Ù‡Ù„ Ø§Ù„Ø§Ø³ØªØ®Ø¯Ø§Ù…', 'review_text': 'Ø¥Ù…ÙƒØ§Ù†ÙŠØªÙ‡ Ù…Ù…ØªØ§Ø²Ø© ÙØ¦Ù‡ Ø¬ÙŠØ¯Ø© Ù…Ù† Ø§ÙˆØ¨Ùˆ\nRead more', 'review_date': 'Reviewed in Egypt on 12 December 2023'}, {'reviewer_name': 'Mohamed M.', 'review_rating': '1.0 out of 5 stars', 'review_title': '1.0 out of 5 stars\nØ§Ù„Ø§Ø¬Ù‡Ø²Ø© Ø¯ÙˆÙ„Ù‰', 'review_text': 'Ø§Ù„Ø§Ø¬Ù‡Ø²Ø© Ø¯ÙˆÙ„Ù‰\nRead more', 'review_date': 'Reviewed in Egypt on 13 July 2022'}, {'reviewer_name': 'Mohammed', 'review_rating': '1.0 out of 5 stars', 'review_title': '1.0 out of 5 stars\nØ®ØµÙ…  21% ØºÙŠØ± Ù…ÙØ¹Ù„ ØŒ Ø§Ù„Ù…ÙØ±ÙˆØ¶ ÙŠÙƒÙˆÙ† Ø§Ù„Ø³Ø¹Ø± Ø¨Ø¹Ø¯ Ø§Ù„Ø®ØµÙ…  3000 Ø¬ ØŒ ...', 'review_text': 'Ø®ØµÙ…  21% ØºÙŠØ± Ù…ÙØ¹Ù„ ØŒ Ø§Ù„Ù…ÙØ±ÙˆØ¶ ÙŠÙƒÙˆÙ† Ø§Ù„Ø³Ø¹Ø± Ø¨Ø¹Ø¯ Ø§Ù„Ø®ØµÙ…  3000 Ø¬ ØŒ\nRead more', 'review_date': 'Reviewed in Egypt on 20 March 2022'}, {'reviewer_name': 'Ø§ÙŠÙ…Ù†', 'review_rating': '5.0 out of 5 stars', 'review_title': '5.0 out of 5 stars\nÙ…Ù…ØªØ§Ø²', 'review_text': 'Ù…Ù…ØªØ§Ø²\nRead more', 'review_date': 'Reviewed in Egypt on 17 April 2022'}]",Amazon EG
OPPO A18 128GB 4GB Glowing Black UAE VERSION,OPPO,Android 13.0,4 GB,Snapdragon,128 GB,6.56 Inches,720 x 1612,1.8 GHz,90 Hz,OPPO A18 128GB 4GB Glowing Black UAE VERSION,,,,,,Black,"EGP5,784.07","EGP6,699.00",EGP,3.7 out of 5 stars,https://www.amazon.eg/-/en/OPPO-A18-Glowing-Black-VERSION/dp/B0CKHMH1YB/ref=sr_1_9?dib=eyJ2IjoiMSJ9.4XvmNPjJXr2AsWihyksz1_GKqhy-fMv8GwHkOwSF-xwEL_HZ5xUIRifSRfukfNxfKH3wxB4IfBWIhwj8DyTTISC7bHZtucrqTjG5BQYy9fckcjWF8rRXGUuE9UtoHUv3OLZMdzLgMMOQUsyQUpF3TRTEL3kVKJuLWYR6zy6D02zZHPbM7gX3XWYstYJBN4UhKGfqxWd5NikeH61rzmxNTWx3gia03pGoUxtjY0hkFEugQPFz18SOeDILTCigWrE0RSxfStqZWIljR808xZcIccaMePTvVA3bQu5wYEkgSmw.h8u3LTvnUotpEb4oysiGTVWU4eBr8OHdMKUq3hv2-hU&dib_tag=se&qid=1725742191&refinements=p_89%3AOPPO&s=electronics&sr=1-9&language=en_AE,https://m.media-amazon.com/images/I/61MUYMX4SXL._AC_SL1200_.jpg,"[{'reviewer_name': 'Ø¹Ù…Ø±Ùˆ Ø·Ù†Ø·Ø§ÙˆÙ‰', 'review_rating': '5.0 out of 5 stars', 'review_title': '5.0 out of 5 stars\nØ¬Ù…ÙŠÙ„', 'review_text': 'Ù…Ù…ØªØ§Ø²\nRead more', 'review_date': 'Reviewed in Egypt on 9 August 2024'}, {'reviewer_name': 'Ø£Ø¨ÙˆØ§Ù„ÙØªÙˆØ­ Ø§Ù„Ø³ÙŠØ¯', 'review_rating': '1.0 out of 5 stars', 'review_title': '1.0 out of 5 stars\nÙ…Ù†ØªØ¬ Ø®Ø·Ø£', 'review_text': 'ØªÙ… Ø§Ø±Ø³Ø§Ù„ Ù…Ù†ØªØ¬ Ø®Ø·Ø£\nRead more', 'review_date': 'Reviewed in Egypt on 6 August 2024'}, {'reviewer_name': 'elawy', 'review_rating': '5.0 out of 5 stars', 'review_title': '5.0 out of 5 stars\nØ§Ù„Ø¬Ù‡Ø§Ø² Ù…Ù…ØªØ§Ø² ÙˆÙŠØ¤Ø¯Ù‰ Ø§Ù„ØºØ±Ø¶ Ù…Ù†Ø©', 'review_text': 'Ø³Ù„Ø³ Ù†ÙˆØ¹Ø§ Ù…Ø§ Ù„ÙƒÙ† Ø³Ø¹Ø±Ø© Ù‡Ù†Ø§ Ø§ØºÙ„Ù‰ Ù…Ù† Ø¬Ù…ÙŠØ¹ Ø§Ù„Ù…ÙˆØ§Ù‚Ø¹ ÙˆØ§Ù„Ù…Ø­Ù„Ø§ØªÙˆÙ„Ø§ Ø§Ø¹Ù„Ù… Ø¶Ù…Ø§Ù† Ù…Ø­Ù„Ù‰ Ø§Ù… Ø¯ÙˆÙ„Ù‰\nRead more', 'review_date': 'Reviewed in Egypt on 12 April 2024'}, {'reviewer_name': 'user-MQWQFS1', 'review_rating': '4.0 out of 5 stars', 'review_title': '4.0 out of 5 stars\nÙ…Ø´ Ø¨Ø·Ø§Ù„', 'review_text': 'Ù…Ø´ ÙˆØ­Ø´\nRead more', 'review_date': 'Reviewed in Egypt on 20 February 2024'}, {'reviewer_name': 'user-MRKTSS1', 'review_rating': '1.0 out of 5 stars', 'review_title': '1.0 out of 5 stars\nØ§Ù†Ø§ Ø¹Ù…Ù„Øª Ø§Ø±Ø¬Ø§Ø¹ Ù„Ù„Ù…Ù†ØªØ¬ ÙˆÙ„Ø­Ø¯ Ø§Ù„Ø§Ù† Ø§Ù„ÙÙ„ÙˆØ³ Ù…Ø±Ø¬Ø¹ØªØ´', 'review_text': 'Ø¹Ù…Ù„Øª Ø§Ø±Ø¬Ø§Ø¹ Ù„Ù„Ù…Ù†ØªØ¬ ÙˆØ§Ù„ÙÙ„ÙˆØ³ Ù…Ø±Ø¬Ø¹ØªØ´ Ù„Ù„ÙÙŠØ²Ø§ Ø¨Ù‚Ø§Ù„ÙŠ Ø§ÙƒØªØ± Ù…Ù† Ø´Ù‡Ø±ÙŠÙ†\nRead more', 'review_date': 'Reviewed in Egypt on 28 June 2024'}, {'reviewer_name': 'Ù„ÙˆÙ„Ù‡', 'review_rating': '1.0 out of 5 stars', 'review_title': '1.0 out of 5 stars\nÙ„Ù… Ø§Ø³ØªÙ„Ù… Ø§Ù„Ù…Ù†ØªØ¬', 'review_text': 'Ù„Ù… Ø§Ø³ØªÙ„Ù… Ø§Ù„Ù…Ù†ØªØ¬ ÙˆÙ„Ù† Ø§Ø³ØªØ±Ø¯ Ø§Ù…ÙˆØ§Ù„ÙŠ\nRead more', 'review_date': 'Reviewed in Egypt on 2 June 2024'}, {'reviewer_name': 'Mahmoud', 'review_rating': '1.0 out of 5 stars', 'review_title': '1.0 out of 5 stars\nÙƒØ§Ù…ÙŠØ±Ø§ Ø³ÙŠØ¦Ù‡ Ø¬Ø¯Ø§', 'review_text': 'ÙƒØ§Ù…ÙŠØ±Ø§ Ø³ÙŠØ¦Ù‡ Ø¬Ø¯Ø§\nRead more', 'review_date': 'Reviewed in Egypt on 5 April 2024'}, {'reviewer_name': 'Ø§Ù„Ø³Ù„Ø§Ù… Ø¹Ù„ÙŠÙƒÙ… ÙˆØ±Ø­Ù…Ø© Ø§Ù„Ù„Ù‡ ÙˆØ¨Ø±ÙƒØ§ØªÙ‡ Ø§Ù†Ø§ Ø¹Ù…Ù„Øª Ø§Ø³ØªØ±Ø¬Ø§Ø¹ Ù„Ù„Ø§ÙˆØ±Ø¯Ø± ÙˆÙƒØ§Ù† Ù…Ø¹Ø§Ø¯ Ø§Ù„Ø±Ø¬ÙˆØ¹ ÙŠÙˆÙ…Ù£Ù¡/Ù¥ ÙˆØ­ØªÙ‰ Ø§Ù„ÙŠÙˆÙ… Ù„Ù… ÙŠØªÙ… Ø§Ù„Ø§Ø³ØªØ±Ø¬Ø§Ø¹ ÙˆÙƒØ¯Ù‡ Ù…Ø´ ÙƒÙˆÙŠØ³01002243821', 'review_rating': '5.0 out of 5 stars', 'review_title': '5.0 out of 5 stars\nÙ…ÙˆØ¨Ø§ÙŠÙ„', 'review_text': 'Ø´ÙƒØ±Ø§ Ø§Ù„Ù…ÙˆØ¨Ø§ÙŠÙ„ Ù…Ù…ØªØ§Ø² ÙˆØ§Ù„Ù…Ù†Ø¯ÙˆØ¨ ÙƒÙˆÙŠØ³\nRead more', 'review_date': 'Reviewed in Egypt on 3 June 2024'}]",Amazon EG
OPPO Reno11 5G 256GB 12GB Rock Grey - UAE VERSION,OPPO,Android 11.0,12 GB,Snapdragon,12 GB,6.7 Inches,,,120 Hz,RENO 11,,,du,5G,,grey,"3,999.",,EGP,4.2 out of 5 stars,https://www.amazon.eg/-/en/OPPO-Reno11-256GB-Rock-Grey/dp/B0CRHPG672/ref=sr_1_7?dib=eyJ2IjoiMSJ9.4XvmNPjJXr2AsWihyksz1_GKqhy-fMv8GwHkOwSF-xwEL_HZ5xUIRifSRfukfNxfKH3wxB4IfBWIhwj8DyTTISC7bHZtucrqTjG5BQYy9fckcjWF8rRXGUuE9UtoHUv3OLZMdzLgMMOQUsyQUpF3TRTEL3kVKJuLWYR6zy6D02zZHPbM7gX3XWYstYJBN4UhKGfqxWd5NikeH61rzmxNTWx3gia03pGoUxtjY0hkFEugQPFz18SOeDILTCigWrE0RSxfStqZWIljR808xZcIccaMePTvVA3bQu5wYEkgSmw.h8u3LTvnUotpEb4oysiGTVWU4eBr8OHdMKUq3hv2-hU&dib_tag=se&qid=1725742191&refinements=p_89%3AOPPO&s=electronics&sr=1-7&language=en_AE,https://m.media-amazon.com/images/I/71n2dQkM9EL._AC_SL1500_.jpg,"[{'reviewer_name': 'Sadek El Haggan', 'review_rating': '4.0 out of 5 stars', 'review_title': '4.0 out of 5 stars\nGood phone , battery performance unfelt', 'review_text': ""The phone is good overall but 5000 amp is unfelt as the battery performance is average.The screen, photos, sound especially on watching movies is great.Prices are unstable for this phone as one day after I buy it the price get around 1500 EGP down. I didn't return the product as I have transferred all my stuff on it.\nRead more"", 'review_date': 'Reviewed in Egypt on 6 May 2024'}, {'reviewer_name': 'Ø¹Ø¨Ø¯Ø§Ù„Ù„Ù‡ Ø¹Ø§Ø¯Ù„ Ø¹Ø¨Ø¯Ø§Ù„Ù„Ù‡ Ø¹Ø²ÙŠØ²', 'review_rating': '1.0 out of 5 stars', 'review_title': '1.0 out of 5 stars\nØ§Ù„Ù…Ù†ØªØ¬ Ø³Ø¦ Ø¨Ø³Ø¨Ø¨ Ø§Ù„Ø¹ÙŠÙˆØ¨', 'review_text': 'Ø§ÙˆÙ„ Ø´Ø¦ Ù‡Ø°Ù‡ Ù„ÙŠØ³Øª Ø§ÙˆÙ„ Ø¹Ù…Ù„ÙŠÙ‡ Ø´Ø±Ø§Ø¡ ÙˆÙ…Ù† Ù‚Ø¨Ù„ Ù…Ù†Ø° Ø­ÙˆØ§Ù„ÙŠ Ø§Ø³Ø¨ÙˆØ¹ÙŠÙ† Ø§Ø´ØªØ±ÙŠØª Ø¬Ù‡Ø§Ø² ÙˆØ¶Ø§Ø¹ Ù…Ù† Ù‚Ø¨Ù„ Ø´Ø±ÙƒÙ‡ Ø§Ù„Ø´Ø­Ù† ÙˆØ§Ø³ØªÙ…Ø±Øª Ø§Ù…ÙˆØ§Ù„ÙŠ ÙˆØ§Ø´ØªØ±ÙŠØª Ù‡Ø°Ø§ Ø§Ù„Ø¬Ù‡Ø§Ø² ÙˆØ§ØªÙŠ Ø¨Ù‡ Ø¹ÙŠØ¨ ÙÙŠ Ø§Ù„Ø´Ø§Ø´Ù‡ ÙŠØ¬Ø¨ Ø¹Ù†Ø¯Ù…Ø§ ØªÙ‚ÙˆÙ…ÙˆÙ† Ø¨Ø¨ÙŠØ¹ Ø´Ø¦ ÙŠØ¬Ø¨ Ø§Ù„ØªØ­Ù‚Ù‚ Ù…Ù† Ø§Ù„Ø¬Ù‡Ø§Ø² Ø§Ù„Ø¬Ù‡Ø§Ø² Ø¨Ù‡ Ù†Ù‚Ø§Ø· Ø³ÙˆØ¯Ø§Ø¡ Ø¨Ø¬Ø§Ù†Ø¨ Ø§Ù„Ø´Ø§Ø´Ù‡ Ø§Ù„Ø£ÙŠÙ…Ù† Ù„Ù‚Ø¯ ØºØ¶Ø¨Øª Ø¨Ø³Ø¨Ø¨ Ø§Ù„ØªØ¹Ø§Ù…Ù„ Ù…Ø¹ Ø§Ù…ÙˆÙ† Ø¨Ø³Ø¨Ø¨ Ù‡Ø°Ù‡ Ø§Ù„Ù…Ø´Ø§ÙƒÙ„ ÙˆØ§Ù„Ù…Ø´ÙƒÙ„Ù‡ Ù„ÙŠØ³Øª Ù…Ù† Ø¹Ù†Ø¯ÙŠ Ùˆ Ù„Ù…Ø§Ø°Ø§ Ø§Ù†ØªØ¸Ø± 14 ÙŠÙˆÙ… Ù…Ù† Ø£Ø¬Ù„ Ø§Ø³ØªØ±Ø¬Ø§Ø¹ Ø§Ù„Ù…Ø§Ù„ Ù‡Ø°Ø§ Ø£Ù…Ø± Ù…Ø²Ø¹Ø¬\nRead more', 'review_date': 'Reviewed in Egypt on 19 August 2024'}, {'reviewer_name': 'Ø·Ù„Ø¨Øª Ø£Ù…Ø³ ÙˆÙ„Ù… ÙŠØµÙ„ ÙƒÙ…Ø§ Ù‚Ø§Ù„ÙˆØ§ ØºØ¯Ø§', 'review_rating': '1.0 out of 5 stars', 'review_title': '1.0 out of 5 stars\nÙ…ÙŠØ¹Ø§Ø¯ Ø§Ù„ØªØ³Ù„ÙŠÙ…', 'review_text': 'Ù„Ù… ÙŠØµÙ„ ØºØ¯Ø§ ÙƒÙ…Ø§ Ù‚Ù„ØªÙ…\nRead more', 'review_date': 'Reviewed in Egypt on 1 May 2024'}]",Amazon EG
"OPPO A3 Pro 5G (Moonlight Purple, 8GB RAM, 256GB Storage)|6.67â€ HD+ 120Hz Refresh Rate Screen | 45W SUPERVOOC|with No Cost EMI/Additional Exchange Offers",OPPO,Android 14,,,256 GB,6.67 Inches,,,120 Hz,A3Pro 5G,,,Unlocked for All Carriers,5G,,Purple,"3,999.",,EGP,4.0 out of 5 stars,https://www.amazon.eg/-/en/OPPO-Moonlight-SUPERVOOC-Additional-Exchange/dp/B0D6R9XCXX/ref=sr_1_8?dib=eyJ2IjoiMSJ9.4XvmNPjJXr2AsWihyksz1_GKqhy-fMv8GwHkOwSF-xwEL_HZ5xUIRifSRfukfNxfKH3wxB4IfBWIhwj8DyTTISC7bHZtucrqTjG5BQYy9fckcjWF8rRXGUuE9UtoHUv3OLZMdzLgMMOQUsyQUpF3TRTEL3kVKJuLWYR6zy6D02zZHPbM7gX3XWYstYJBN4UhKGfqxWd5NikeH61rzmxNTWx3gia03pGoUxtjY0hkFEugQPFz18SOeDILTCigWrE0RSxfStqZWIljR808xZcIccaMePTvVA3bQu5wYEkgSmw.h8u3LTvnUotpEb4oysiGTVWU4eBr8OHdMKUq3hv2-hU&dib_tag=se&qid=1725742191&refinements=p_89%3AOPPO&s=electronics&sr=1-8&language=en_AE,https://m.media-amazon.com/images/I/81ZFLjC0JJL._AC_SL1500_.jpg,[],Amazon EG
OPPO A60 (256-8GB) - Midnight Purble,OPPO,Android,,,,,,,,,,,,,,,"8,199.",,EGP,Previous page of related Sponsored Products,https://www.amazon.eg/-/en/OPPO-A60-256-8GB-Midnight-Purble/dp/B0D9K6BFT1/ref=sr_1_13?dib=eyJ2IjoiMSJ9.4XvmNPjJXr2AsWihyksz1_GKqhy-fMv8GwHkOwSF-xwEL_HZ5xUIRifSRfukfNxfKH3wxB4IfBWIhwj8DyTTISC7bHZtucrqTjG5BQYy9fckcjWF8rRXGUuE9UtoHUv3OLZMdzLgMMOQUsyQUpF3TRTEL3kVKJuLWYR6zy6D02zZHPbM7gX3XWYstYJBN4UhKGfqxWd5NikeH61rzmxNTWx3gia03pGoUxtjY0hkFEugQPFz18SOeDILTCigWrE0RSxfStqZWIljR808xZcIccaMePTvVA3bQu5wYEkgSmw.h8u3LTvnUotpEb4oysiGTVWU4eBr8OHdMKUq3hv2-hU&dib_tag=se&qid=1725742191&refinements=p_89%3AOPPO&s=electronics&sr=1-13&language=en_AE,https://m.media-amazon.com/images/I/61i79lLeRrL._AC_SL1500_.jpg,[],Amazon EG
"Oppo Reno 12F 5G Mobile Phone, Dual SIM, 12GB Ram, 256GB - Olive Green",OPPO,Android,12 GB,,12 GB,6.67 Inches,1080 x 2400,2.2E+3 MHz,,Oppo Reno 12F 5G,,,,5G,,Green,"EGP12,999.00",,EGP,4.4 out of 5 stars,https://www.amazon.eg/-/en/sspa/click?ie=UTF8&spc=MTozOTQ2Mzk5NjI0MjgxNzc2OjE3MjU3NDIxOTE6c3BfYXRmX2Jyb3dzZTozMDAzMTY3MzI5MTc5MzI6OjA6Og&url=%2FOppo-Reno-Mobile-Phone-256GB%2Fdp%2FB0DB2P8HJ6%2Fref%3Dsr_1_2_sspa%3Fdib%3DeyJ2IjoiMSJ9.4XvmNPjJXr2AsWihyksz1_GKqhy-fMv8GwHkOwSF-xwEL_HZ5xUIRifSRfukfNxfKH3wxB4IfBWIhwj8DyTTISC7bHZtucrqTjG5BQYy9fckcjWF8rRXGUuE9UtoHUv3OLZMdzLgMMOQUsyQUpF3TRTEL3kVKJuLWYR6zy6D02zZHPbM7gX3XWYstYJBN4UhKGfqxWd5NikeH61rzmxNTWx3gia03pGoUxtjY0hkFEugQPFz18SOeDILTCigWrE0RSxfStqZWIljR808xZcIccaMePTvVA3bQu5wYEkgSmw.h8u3LTvnUotpEb4oysiGTVWU4eBr8OHdMKUq3hv2-hU%26dib_tag%3Dse%26qid%3D1725742191%26refinements%3Dp_89%253AOPPO%26s%3Delectronics%26sr%3D1-2-spons%26sp_csd%3Dd2lkZ2V0TmFtZT1zcF9hdGZfYnJvd3Nl%26psc%3D1&language=en_AE,https://m.media-amazon.com/images/I/21cnICH5t0L.__AC_QL70_ML2_.jpg,"[{'reviewer_name': 'Mahmoud Ahmed', 'review_rating': '5.0 out of 5 stars', 'review_title': '5.0 out of 5 stars\nGood', 'review_text': 'Good\nRead more', 'review_date': 'Reviewed in Egypt on 30 August 2024'}, {'reviewer_name': 'Moodyy', 'review_rating': '5.0 out of 5 stars', 'review_title': '5.0 out of 5 stars\nÙ…Ù…ØªØ§Ø²', 'review_text': 'Ù†Ø¹Ù… Ø¶Ø¯ Ø§Ù„Ù…ÙŠØ§Ù‡ ÙˆØ¶Ø¯ Ø§Ù„ÙƒØ³Ø±\nRead more', 'review_date': 'Reviewed in Egypt on 14 August 2024'}, {'reviewer_name': 'moustafa el ramady', 'review_rating': '4.0 out of 5 stars', 'review_title': '4.0 out of 5 stars\nVery good specs regarding the price', 'review_text': 'Needs a more powerful processor to be a perfect deal\nRead more', 'review_date': 'Reviewed in Egypt on 15 August 2024'}, {'reviewer_name': 'Ø§Ø­Ù…Ø¯', 'review_rating': '3.0 out of 5 stars', 'review_title': '3.0 out of 5 stars\nÙ‡Ù„ Ù‡Ùˆ Ø¶Ø¯ Ø§Ù„ÙƒØ³Ø± ÙˆØ¶Ø¯ Ø§Ù„Ù…Ø§Ø¡', 'review_text': 'Ù„Ù… Ø§Ø³ØªØ®Ø¯Ù…Ù‡ Ø¨Ø¹Ø¯\nRead more', 'review_date': 'Reviewed in Egypt on 31 July 2024'}]",Amazon EG
OPPO Reno11 5G Dual SIM Wave Green 12GB RAM 256GB 5G,OPPO,Android 14,12 GB,Snapdragon,256 GB,6.7 Inches,1080 x 2400,2 GHz,120 Hz,Reno 11,,,,,,Green,"EGP16,850.00",,EGP,4.3 out of 5 stars,https://www.amazon.eg/-/en/OPPO-Reno11-Dual-Green-256GB/dp/B0D1VNXKN6/ref=sr_1_17?dib=eyJ2IjoiMSJ9.4XvmNPjJXr2AsWihyksz1_GKqhy-fMv8GwHkOwSF-xwEL_HZ5xUIRifSRfukfNxfKH3wxB4IfBWIhwj8DyTTISC7bHZtucrqTjG5BQYy9fckcjWF8rRXGUuE9UtoHUv3OLZMdzLgMMOQUsyQUpF3TRTEL3kVKJuLWYR6zy6D02zZHPbM7gX3XWYstYJBN4UhKGfqxWd5NikeH61rzmxNTWx3gia03pGoUxtjY0hkFEugQPFz18SOeDILTCigWrE0RSxfStqZWIljR808xZcIccaMePTvVA3bQu5wYEkgSmw.h8u3LTvnUotpEb4oysiGTVWU4eBr8OHdMKUq3hv2-hU&dib_tag=se&qid=1725742191&refinements=p_89%3AOPPO&s=electronics&sr=1-17&language=en_AE,https://m.media-amazon.com/images/I/51lcommW4ML.__AC_SX300_SY300_QL70_ML2_.jpg,[],Amazon EG
"Oppo A38 Android Smartphone, Dual SIM Mobile Phone, 6GB RAM, 128GB Storage, Glowing Gold (UAE Version)",OPPO,Android 10.0,6 GB,Snapdragon,128 GB,6.56 Inches,,,,,,,du,4G,,Gold,"EGP6,689.50",,EGP,3.0 out of 5 stars,https://www.amazon.eg/-/en/Oppo-A38-128GB-Glowing-Gold/dp/B0CSFSD2ZS/ref=sr_1_6?dib=eyJ2IjoiMSJ9.4XvmNPjJXr2AsWihyksz1_GKqhy-fMv8GwHkOwSF-xwEL_HZ5xUIRifSRfukfNxfKH3wxB4IfBWIhwj8DyTTISC7bHZtucrqTjG5BQYy9fckcjWF8rRXGUuE9UtoHUv3OLZMdzLgMMOQUsyQUpF3TRTEL3kVKJuLWYR6zy6D02zZHPbM7gX3XWYstYJBN4UhKGfqxWd5NikeH61rzmxNTWx3gia03pGoUxtjY0hkFEugQPFz18SOeDILTCigWrE0RSxfStqZWIljR808xZcIccaMePTvVA3bQu5wYEkgSmw.h8u3LTvnUotpEb4oysiGTVWU4eBr8OHdMKUq3hv2-hU&dib_tag=se&qid=1725742191&refinements=p_89%3AOPPO&s=electronics&sr=1-6&language=en_AE,https://m.media-amazon.com/images/I/81GUsFaoW8L._AC_SL1500_.jpg,"[{'reviewer_name': 'Ø£Ø¨ÙˆØ§Ù„ÙØªÙˆØ­ Ø§Ù„Ø³ÙŠØ¯', 'review_rating': '1.0 out of 5 stars', 'review_title': '1.0 out of 5 stars\nØ§Ù„Ø¥Ù‡Ù…Ø§Ù„ Ø§Ù„Ù…ØªÙƒØ±Ø±', 'review_text': 'ÙˆØµÙ„Ù†Ù‰ Ù…Ù†ØªØ¬ ØºÙŠØ± Ø§Ù„Ù…Ø·Ù„ÙˆØ¨ Ø¹Ø¨Ù‰ ÙˆØ§Ø¨Ø¹Øª ÙˆØ®Ù„Ø§Øµ\nRead more', 'review_date': 'Reviewed in Egypt on 5 August 2024'}]",Amazon EG
OPPO A55 Dual SIM 4GB RAM+128GB ROM (6.5 Inches) (4G) - (Rainbow Blue) (GLOBAL VERSION),OPPO,Android 11.0,4 GB,Snapdragon,128 GB,6.7 Inches,,2 GHz,60 Hz,Oppo A55,,,China Mobile,,,Blue,"EGP6,250.00",,EGP,4.0 out of 5 stars,https://www.amazon.eg/-/en/OPPO-A55-Dual-128GB-Inches/dp/B09M46BZ72/ref=sr_1_16?dib=eyJ2IjoiMSJ9.4XvmNPjJXr2AsWihyksz1_GKqhy-fMv8GwHkOwSF-xwEL_HZ5xUIRifSRfukfNxfKH3wxB4IfBWIhwj8DyTTISC7bHZtucrqTjG5BQYy9fckcjWF8rRXGUuE9UtoHUv3OLZMdzLgMMOQUsyQUpF3TRTEL3kVKJuLWYR6zy6D02zZHPbM7gX3XWYstYJBN4UhKGfqxWd5NikeH61rzmxNTWx3gia03pGoUxtjY0hkFEugQPFz18SOeDILTCigWrE0RSxfStqZWIljR808xZcIccaMePTvVA3bQu5wYEkgSmw.h8u3LTvnUotpEb4oysiGTVWU4eBr8OHdMKUq3hv2-hU&dib_tag=se&qid=1725742191&refinements=p_89%3AOPPO&s=electronics&sr=1-16&language=en_AE,https://m.media-amazon.com/images/I/619NisKmiuL._AC_SL1500_.jpg,"[{'reviewer_name': 'Ø§ÙŠÙ…Ø§Ù† Ø³.', 'review_rating': '5.0 out of 5 stars', 'review_title': '5.0 out of 5 stars\nØ¬Ù…ÙŠÙ„', 'review_text': 'Ø¬Ø¨Øª Ø§ØªÙ†ÙŠÙ† ÙˆØ§Ù„Ø§ØªÙ†ÙŠÙ† Ø´ØºØ§Ù„ÙŠÙ† ØªÙ…Ø§Ù… Ø¬Ø¯Ø§\nRead more', 'review_date': 'Reviewed in Egypt on 5 July 2024'}, {'reviewer_name': 'Yasmine', 'review_rating': '4.0 out of 5 stars', 'review_title': '4.0 out of 5 stars\nØ§Ù„Ù…ÙˆØ¨Ø§ÙŠÙ„', 'review_text': 'Ø¬ÙŠØ¯ Ø¬Ø¯Ø§\nRead more', 'review_date': 'Reviewed in Egypt on 26 September 2023'}, {'reviewer_name': 'user-M3KPYW', 'review_rating': '5.0 out of 5 stars', 'review_title': '5.0 out of 5 stars\nØ±Ø§Ø¦Ø¹', 'review_text': 'Ø±Ø§Ø¦Ø¹\nRead more', 'review_date': 'Reviewed in Egypt on 18 January 2023'}, {'reviewer_name': 'Ø§Ø´Ø±Ù Ø£Ø­Ù…Ø¯', 'review_rating': '3.0 out of 5 stars', 'review_title': '3.0 out of 5 stars\nØ¬ÙŠØ¯', 'review_text': 'ØªÙˆØµÙ„ ØªÙ…Ø§Ù…\nRead more', 'review_date': 'Reviewed in Egypt on 22 September 2023'}, {'reviewer_name': 'Ø§ÙŠÙ…Ø§Ù† Ù„.', 'review_rating': '5.0 out of 5 stars', 'review_title': '5.0 out of 5 stars\nÙ…Ù…ØªØ§Ø² Ø¨Ø´ÙƒØ±ÙƒÙ… Ù„Ø§Ù†ÙŠ ÙƒÙ†Øª Ø®Ø§ÙŠÙÙ‡ ÙŠØ·Ù„Ø¹ ÙÙŠ Ø­Ø§Ø¬Ù‡ Ù…Ø¹Ø±ÙØ´ Ø§Ø±Ø¬Ø¹Ù‡', 'review_text': 'ÙØ¹Ù„Ø§ Ù…ÙÙŠØ´ Ø­Ø§Ø¬Ù‡ Ø¬Ø¨ØªÙ‡Ø§ Ù…Ø·Ù„Ø¹ØªØ´ Ø²ÙŠ Ø§Ù„Ù…Ø¹Ø±ÙˆØ¶ ÙˆØ´ÙƒØ±Ø§ Ù„Ø´Ø±ÙƒØ© Ø§Ù„Ø´Ø­Ù† ÙˆÙ…Ù†Ø¯ÙˆØ¨ÙŠÙ†Ù‡Ø§ Ø§Ù„Ù…Ø­ØªØ±Ù…ÙŠÙ†\nRead more', 'review_date': 'Reviewed in Egypt on 28 October 2023'}, {'reviewer_name': 'negm m.', 'review_rating': '1.0 out of 5 stars', 'review_title': '1.0 out of 5 stars\nØ§Ù„Ù…Ù†ØªØ¬ Ø¨Ø¯ÙˆÙ† Ø¶Ù…Ø§Ù†', 'review_text': 'Ø§Ù„Ù…Ù†ØªØ¬ Ø¨Ø¯ÙˆÙ† Ø¶Ù…Ø§Ù† ÙˆØ³Ø£Ù„Øª Ù…Ù† Ù‚Ø¨Ù„ Ù…Ø§ ØªØ´ØªØ±ÙŠ Ù‚ÙˆÙ„Øª Ù„ÙŠ Ø¨Ø¶Ù…Ø§Ù†\nRead more', 'review_date': 'Reviewed in Egypt on 11 August 2022'}, {'reviewer_name': 'Mohamed', 'review_rating': '4.0 out of 5 stars', 'review_title': '4.0 out of 5 stars\nGood phone', 'review_text': 'very good phone ad the camera very beautiful\nRead more', 'review_date': 'Reviewed in Egypt on 22 January 2023'}, {'reviewer_name': 'Ahmed ZekÃ¸', 'review_rating': '2.0 out of 5 stars', 'review_title': '2.0 out of 5 stars\nÙÙˆÙ† Ù…ØªÙˆØ³Ø· Ø§Ù„Ø£Ø³ØªØ®Ø¯Ø§Ù…', 'review_text': 'ÙÙˆÙ† Ø§Ù„Ø³ÙˆØ´ÙŠØ§Ù„ Ù…ÙŠØ¯ÙŠØ§\nRead more', 'review_date': 'Reviewed in Egypt on 6 November 2023'}]",Amazon EG
"Oppo Reno 12F 5G Mobile Phone, Dual SIM, 12GB Ram, 256GB - Olive Green",OPPO,Android,12 GB,,12 GB,6.67 Inches,1080 x 2400,2.2E+3 MHz,,Oppo Reno 12F 5G,,,,5G,,Green,"EGP12,999.00",,EGP,4.4 out of 5 stars,https://www.amazon.eg/-/en/Oppo-Reno-Mobile-Phone-256GB/dp/B0DB2P8HJ6/ref=sr_1_3?dib=eyJ2IjoiMSJ9.4XvmNPjJXr2AsWihyksz1_GKqhy-fMv8GwHkOwSF-xwEL_HZ5xUIRifSRfukfNxfKH3wxB4IfBWIhwj8DyTTISC7bHZtucrqTjG5BQYy9fckcjWF8rRXGUuE9UtoHUv3OLZMdzLgMMOQUsyQUpF3TRTEL3kVKJuLWYR6zy6D02zZHPbM7gX3XWYstYJBN4UhKGfqxWd5NikeH61rzmxNTWx3gia03pGoUxtjY0hkFEugQPFz18SOeDILTCigWrE0RSxfStqZWIljR808xZcIccaMePTvVA3bQu5wYEkgSmw.h8u3LTvnUotpEb4oysiGTVWU4eBr8OHdMKUq3hv2-hU&dib_tag=se&qid=1725742191&refinements=p_89%3AOPPO&s=electronics&sr=1-3&language=en_AE,https://m.media-amazon.com/images/I/21cnICH5t0L.__AC_QL70_ML2_.jpg,"[{'reviewer_name': 'Mahmoud Ahmed', 'review_rating': '5.0 out of 5 stars', 'review_title': '5.0 out of 5 stars\nGood', 'review_text': 'Good\nRead more', 'review_date': 'Reviewed in Egypt on 30 August 2024'}, {'reviewer_name': 'Moodyy', 'review_rating': '5.0 out of 5 stars', 'review_title': '5.0 out of 5 stars\nÙ…Ù…ØªØ§Ø²', 'review_text': 'Ù†Ø¹Ù… Ø¶Ø¯ Ø§Ù„Ù…ÙŠØ§Ù‡ ÙˆØ¶Ø¯ Ø§Ù„ÙƒØ³Ø±\nRead more', 'review_date': 'Reviewed in Egypt on 14 August 2024'}, {'reviewer_name': 'moustafa el ramady', 'review_rating': '4.0 out of 5 stars', 'review_title': '4.0 out of 5 stars\nVery good specs regarding the price', 'review_text': 'Needs a more powerful processor to be a perfect deal\nRead more', 'review_date': 'Reviewed in Egypt on 15 August 2024'}, {'reviewer_name': 'Ø§Ø­Ù…Ø¯', 'review_rating': '3.0 out of 5 stars', 'review_title': '3.0 out of 5 stars\nÙ‡Ù„ Ù‡Ùˆ Ø¶Ø¯ Ø§Ù„ÙƒØ³Ø± ÙˆØ¶Ø¯ Ø§Ù„Ù…Ø§Ø¡', 'review_text': 'Ù„Ù… Ø§Ø³ØªØ®Ø¯Ù…Ù‡ Ø¨Ø¹Ø¯\nRead more', 'review_date': 'Reviewed in Egypt on 31 July 2024'}]",Amazon EG
